Year,Event,Session,Reason,Laps
2024,Bahrain,Q,deleted,2
2024,Bahrain,Q,included,78
2024,Bahrain,Q,pit_in_out,182
2024,Bahrain,Q,sector_outlier,5
2024,Bahrain,R,deleted,20
2024,Bahrain,R,imputed_LapTime,1
2024,Bahrain,R,imputed_S1,20
2024,Bahrain,R,included,937
2024,Bahrain,R,pit_in_out,85
2024,Bahrain,R,sector_outlier,49
2024,Bahrain,R,slow_lap,2
2024,Bahrain,R,track_status,36
2024,British,Q,deleted,8
2024,British,Q,imputed_LapTime,3
2024,British,Q,included,81
2024,British,Q,pit_in_out,191
2024,British,Q,sector_outlier,16
2024,British,Q,slow_lap,72
2024,British,R,deleted,9
2024,British,R,imputed_S1,19
2024,British,R,included,514
2024,British,R,pit_in_out,92
2024,British,R,sector_outlier,96
2024,British,R,slow_lap,231
2024,British,R,standing_start,18
2024,Italian,Q,deleted,2
2024,Italian,Q,included,71
2024,Italian,Q,pit_in_out,184
2024,Italian,Q,sector_outlier,5
2024,Italian,Q,slow_lap,4
2024,Italian,Q,track_status,10
2024,Italian,R,deleted,13
2024,Italian,R,imputed_S1,20
2024,Italian,R,included,841
2024,Italian,R,pit_in_out,61
2024,Italian,R,sector_outlier,72
2024,Italian,R,slow_lap,1
2024,Italian,R,standing_start,20
2024,Monaco,Q,deleted,21
2024,Monaco,Q,imputed_LapTime,2
2024,Monaco,Q,included,127
2024,Monaco,Q,pit_in_out,181
2024,Monaco,Q,sector_outlier,10
2024,Monaco,Q,slow_lap,78
2024,Monaco,Q,track_status,9
2024,Monaco,R,deleted,5
2024,Monaco,R,imputed_LapTime,3
2024,Monaco,R,included,874
2024,Monaco,R,pit_in_out,45
2024,Monaco,R,sector_outlier,14
2024,Monaco,R,slow_lap,280
2024,Monaco,R,track_status,19
