Year,Event,Session,Driver,Team,CleanLaps,BestLap,MedianLap,TotalLaps,TheoreticalBest,WeakestSector,WeakestSectorDelta,TheoreticalGain,GapToPole
2024,Bahrain,Q,LEC,Ferrari,5,89.1650,89.4800,19,89.0840,S1,0.2530,0.0810,0.0000
2024,Bahrain,Q,VER,Red Bull Racing,5,89.1790,89.4210,17,89.1520,S2,0.2100,0.0270,0.0140
2024,Bahrain,Q,RUS,Mercedes,5,89.4850,89.9220,17,89.4850,S2,0.3620,0.0000,0.3200
2024,Bahrain,Q,SAI,Ferrari,5,89.5070,89.6080,18,89.4850,S1,0.3410,0.0220,0.3420
2024,Bahrain,Q,PER,Red Bull Racing,5,89.5370,90.0300,17,89.4710,S2,0.2640,0.0660,0.3720
2024,Bahrain,Q,ALO,Aston Martin,4,89.5420,89.9685,14,89.4400,S1,0.3210,0.1020,0.3770
2024,Bahrain,Q,NOR,McLaren,4,89.6140,89.8100,15,89.4050,S1,0.3270,0.2090,0.4490
2024,Bahrain,Q,PIA,McLaren,6,89.6830,90.5775,18,89.6830,S1,0.3920,0.0000,0.5180
2024,Bahrain,Q,HAM,Mercedes,6,89.7100,90.4040,18,89.5940,S2,0.3630,0.1160,0.5450
2024,Bahrain,Q,HUL,Haas F1 Team,6,89.8510,90.5910,18,89.8510,S2,0.5770,0.0000,0.6860
2024,Bahrain,Q,STR,Aston Martin,4,89.9650,90.5320,12,89.9530,S2,0.5500,0.0120,0.8000
2024,Bahrain,Q,TSU,RB,4,90.1290,90.6810,12,90.1290,S2,0.6680,0.0000,0.9640
2024,Bahrain,Q,ALB,Williams,3,90.2210,90.3970,12,90.1610,S2,0.6910,0.0600,1.0560
2024,Bahrain,Q,RIC,RB,3,90.2780,90.5620,12,90.2780,S2,0.7430,0.0000,1.1130
2024,Bahrain,Q,MAG,Haas F1 Team,2,90.5290,90.5875,12,90.4930,S2,0.8930,0.0360,1.3640
2024,Bahrain,Q,BOT,Kick Sauber,2,90.7560,90.9165,6,90.7560,S2,0.9660,0.0000,1.5910
2024,Bahrain,Q,ZHO,Kick Sauber,2,90.7570,90.9160,6,90.7560,S2,0.8850,0.0010,1.5920
2024,Bahrain,Q,SAR,Williams,2,90.7700,90.9490,6,90.7700,S2,1.0600,0.0000,1.6050
2024,Bahrain,Q,OCO,Alpine,3,90.7930,91.2610,9,90.7930,S2,0.8750,0.0000,1.6280
2024,Bahrain,Q,GAS,Alpine,2,90.9480,91.1145,9,90.8340,S2,0.7980,0.1140,1.7830
2024,Bahrain,R,VER,Red Bull Racing,48,92.6080,95.4095,57,92.6080,S1,0.0000,0.0000,0.0000
2024,Bahrain,R,LEC,Ferrari,48,94.0900,96.7485,57,93.9930,S2,0.7340,0.0970,1.4820
2024,Bahrain,R,ALO,Aston Martin,50,94.1990,97.1505,57,94.0940,S2,0.8670,0.1050,1.5910
2024,Bahrain,R,PER,Red Bull Racing,50,94.3640,96.1880,57,93.9860,S2,0.8560,0.3780,1.7560
2024,Bahrain,R,NOR,McLaren,46,94.4760,96.5365,57,94.4740,S2,0.9220,0.0020,1.8680
2024,Bahrain,R,SAI,Ferrari,50,94.5070,96.0960,57,94.3130,S2,1.0550,0.1940,1.8990
2024,Bahrain,R,HAM,Mercedes,48,94.7220,96.5715,57,94.4990,S2,1.2000,0.2230,2.1140
2024,Bahrain,R,SAR,Williams,38,94.7350,96.7585,55,94.6670,S2,1.0500,0.0680,2.1270
2024,Bahrain,R,GAS,Alpine,46,94.8050,97.6050,56,94.8050,S2,0.9970,0.0000,2.1970
2024,Bahrain,R,HUL,Haas F1 Team,47,94.8340,96.7840,56,94.7620,S2,1.2290,0.0720,2.2260
2024,Bahrain,R,PIA,McLaren,47,94.9830,96.6800,57,94.7020,S2,1.1390,0.2810,2.3750
2024,Bahrain,R,RUS,Mercedes,48,95.0650,96.3780,57,94.7840,S2,1.2800,0.2810,2.4570
2024,Bahrain,R,RIC,RB,45,95.1630,97.7720,56,95.1150,S2,1.3100,0.0480,2.5550
2024,Bahrain,R,ZHO,Kick Sauber,48,95.4580,97.3580,56,95.3960,S2,1.2740,0.0620,2.8500
2024,Bahrain,R,MAG,Haas F1 Team,48,95.5700,97.5870,56,95.2650,S2,1.4930,0.3050,2.9620
2024,Bahrain,R,STR,Aston Martin,48,95.6320,96.6865,57,95.3530,S2,1.6930,0.2790,3.0240
2024,Bahrain,R,ALB,Williams,46,95.7230,97.8985,56,95.5480,S2,1.5560,0.1750,3.1150
2024,Bahrain,R,TSU,RB,47,95.8330,97.4820,56,95.5760,S2,1.5540,0.2570,3.2250
2024,Bahrain,R,BOT,Kick Sauber,45,96.2020,97.6620,56,95.7280,S2,1.6420,0.4740,3.5940
2024,Bahrain,R,OCO,Alpine,44,96.2260,97.5680,56,96.1940,S2,1.6330,0.0320,3.6180
2024,British,Q,RUS,Mercedes,7,85.8190,86.7660,26,85.7970,S1,0.1080,0.0220,0.0000
2024,British,Q,HAM,Mercedes,6,85.9900,87.1595,25,85.9180,S2,0.1100,0.0720,0.1710
2024,British,Q,NOR,McLaren,3,86.0300,86.5590,22,86.0300,S3,0.1430,0.0000,0.2110
2024,British,Q,VER,Red Bull Racing,5,86.2030,86.7960,24,86.1030,S3,0.1850,0.1000,0.3840
2024,British,Q,PIA,McLaren,5,86.2370,86.9450,24,86.2370,S3,0.1980,0.0000,0.4180
2024,British,Q,HUL,Haas F1 Team,5,86.3380,86.8470,17,86.1310,S2,0.2750,0.2070,0.5190
2024,British,Q,SAI,Ferrari,5,86.5090,86.8430,24,86.4380,S2,0.3830,0.0710,0.6900
2024,British,Q,STR,Aston Martin,5,86.5850,86.9380,24,86.3750,S2,0.4330,0.2100,0.7660
2024,British,Q,ALB,Williams,5,86.6400,87.0080,23,86.5150,S2,0.3660,0.1250,0.8210
2024,British,Q,ALO,Aston Martin,4,86.7300,87.0980,24,86.6590,S2,0.4070,0.0710,0.9110
2024,British,Q,LEC,Ferrari,5,87.0970,88.5790,18,87.0970,S2,0.6520,-0.0000,1.2780
2024,British,Q,SAR,Williams,4,87.1750,88.0240,20,87.1750,S2,0.6210,0.0000,1.3560
2024,British,Q,TSU,RB,4,87.2690,88.5905,17,87.2690,S3,0.6960,0.0000,1.4500
2024,British,Q,ZHO,Kick Sauber,4,87.8670,88.1760,22,87.7610,S2,0.9940,0.1060,2.0480
2024,British,Q,RIC,RB,3,87.9490,88.5960,18,87.8690,S2,1.0860,0.0800,2.1300
2024,British,Q,BOT,Kick Sauber,1,92.4310,92.4310,11,92.4310,S2,3.0440,0.0000,6.6120
2024,British,Q,MAG,Haas F1 Team,2,92.9050,95.3550,6,92.9050,S2,2.9380,0.0000,7.0860
2024,British,Q,OCO,Alpine,5,94.5570,96.4140,11,93.7020,S2,3.6930,0.8550,8.7380
2024,British,Q,PER,Red Bull Racing,1,98.3480,98.3480,5,98.3480,S2,4.9740,0.0000,12.5290
2024,British,Q,GAS,Alpine,2,99.8040,100.1665,7,99.6410,S2,5.9980,0.1630,13.9850
2024,British,R,SAI,Ferrari,28,88.2930,92.0735,52,88.2930,S3,0.1450,0.0000,0.0000
2024,British,R,PIA,McLaren,31,88.7480,91.3920,52,88.7300,S1,0.3030,0.0180,0.4550
2024,British,R,VER,Red Bull Racing,26,88.9520,91.7055,52,88.3770,S1,0.2570,0.5750,0.6590
2024,British,R,NOR,McLaren,29,89.2620,91.4070,52,89.1080,S3,0.4600,0.1540,0.9690
2024,British,R,HAM,Mercedes,30,89.4380,91.4535,52,89.1610,S2,0.3550,0.2770,1.1450
2024,British,R,PER,Red Bull Racing,21,89.7070,92.4880,50,89.4520,S3,0.5460,0.2550,1.4140
2024,British,R,ALO,Aston Martin,31,89.7100,92.4270,52,89.3730,S3,0.6060,0.3370,1.4170
2024,British,R,ALB,Williams,31,89.7180,92.5670,52,89.2410,S2,0.5950,0.4770,1.4250
2024,British,R,LEC,Ferrari,23,89.7480,92.3260,51,89.5640,S3,0.5490,0.1840,1.4550
2024,British,R,HUL,Haas F1 Team,28,89.8360,92.4145,52,89.6810,S3,0.6490,0.1550,1.5430
2024,British,R,STR,Aston Martin,31,89.8970,92.3620,52,89.5250,S2,0.6300,0.3720,1.6040
2024,British,R,SAR,Williams,29,89.9720,92.7480,52,89.3940,S2,0.8540,0.5780,1.6790
2024,British,R,MAG,Haas F1 Team,30,90.0930,92.6590,52,90.0870,S2,0.9410,0.0060,1.8000
2024,British,R,TSU,RB,32,90.2290,92.6105,52,90.1510,S3,0.8750,0.0780,1.9360
2024,British,R,RIC,RB,24,90.7350,92.8005,51,90.6970,S2,1.0410,0.0380,2.4420
2024,British,R,OCO,Alpine,22,90.8750,93.7030,50,90.5660,S3,1.0580,0.3090,2.5820
2024,British,R,ZHO,Kick Sauber,23,91.0140,92.5040,50,90.7460,S2,1.0340,0.2680,2.7210
2024,British,R,BOT,Kick Sauber,27,91.2770,93.4600,51,91.1810,S2,1.3310,0.0960,2.9840
2024,British,R,RUS,Mercedes,18,91.2980,91.6230,33,91.0100,S2,1.2030,0.2880,3.0050
2024,Italian,Q,NOR,McLaren,4,79.3270,79.5640,12,79.2270,S1,0.1720,0.1000,0.0000
2024,Italian,Q,PIA,McLaren,4,79.4360,79.7345,19,79.4280,S1,0.1760,0.0080,0.1090
2024,Italian,Q,RUS,Mercedes,5,79.4400,79.8770,18,79.4320,S2,0.2570,0.0080,0.1130
2024,Italian,Q,LEC,Ferrari,7,79.4610,80.0740,21,79.4610,S2,0.1530,-0.0000,0.1340
2024,Italian,Q,SAI,Ferrari,5,79.4670,79.7990,18,79.4670,S2,0.2440,0.0000,0.1400
2024,Italian,Q,HAM,Mercedes,5,79.5130,79.6410,18,79.4320,S1,0.1580,0.0810,0.1860
2024,Italian,Q,VER,Red Bull Racing,5,79.6620,80.0220,18,79.6240,S3,0.3260,0.0380,0.3350
2024,Italian,Q,PER,Red Bull Racing,4,80.0620,80.3090,17,80.0540,S2,0.4550,0.0080,0.7350
2024,Italian,Q,ALB,Williams,6,80.2990,80.5010,18,80.2350,S3,0.5160,0.0640,0.9720
2024,Italian,Q,HUL,Haas F1 Team,5,80.3390,80.4340,18,80.1780,S3,0.5100,0.1610,1.0120
2024,Italian,Q,ALO,Aston Martin,3,80.4210,80.5700,11,80.3820,S3,0.5740,0.0390,1.0940
2024,Italian,Q,RIC,RB,3,80.4790,81.0590,12,80.4790,S3,0.7220,0.0000,1.1520
2024,Italian,Q,MAG,Haas F1 Team,2,80.6980,80.8155,11,80.6660,S3,0.8400,0.0320,1.3710
2024,Italian,Q,GAS,Alpine,3,80.7380,80.7480,16,80.6470,S2,0.6840,0.0910,1.4110
2024,Italian,Q,OCO,Alpine,4,80.7640,80.8250,16,80.6120,S2,0.6850,0.1520,1.4370
2024,Italian,Q,STR,Aston Martin,1,81.0130,81.0130,6,81.0130,S3,0.9320,0.0000,1.6860
2024,Italian,Q,COL,Williams,1,81.0610,81.0610,6,81.0610,S2,0.8410,0.0000,1.7340
2024,Italian,Q,TSU,RB,1,81.0680,81.0680,6,81.0680,S3,0.8890,0.0000,1.7410
2024,Italian,Q,BOT,Kick Sauber,1,81.1010,81.1010,6,81.1010,S2,0.8670,0.0000,1.7740
2024,Italian,Q,ZHO,Kick Sauber,2,81.5140,81.7410,9,81.5140,S2,1.0450,-0.0000,2.1870
2024,Italian,R,NOR,McLaren,43,81.4320,83.3210,53,81.2320,S1,0.0590,0.2000,0.0000
2024,Italian,R,HAM,Mercedes,47,81.5120,83.6400,53,81.4970,S3,0.2000,0.0150,0.0800
2024,Italian,R,VER,Red Bull Racing,45,81.7450,83.6180,53,81.6680,S3,0.3730,0.0770,0.3130
2024,Italian,R,PIA,McLaren,45,81.9430,83.4560,53,81.8440,S2,0.2860,0.0990,0.5110
2024,Italian,R,RUS,Mercedes,44,82.0360,83.6535,53,81.9060,S2,0.3860,0.1300,0.6040
2024,Italian,R,STR,Aston Martin,37,82.2320,84.8560,52,82.2320,S3,0.5820,0.0000,0.8000
2024,Italian,R,ALO,Aston Martin,44,82.9440,84.6975,53,82.9010,S2,0.8880,0.0430,1.5120
2024,Italian,R,PER,Red Bull Racing,46,82.9710,84.3100,53,82.7210,S2,0.6810,0.2500,1.5390
2024,Italian,R,SAI,Ferrari,47,83.2190,83.8380,53,83.0360,S2,0.7980,0.1830,1.7870
2024,Italian,R,LEC,Ferrari,48,83.2260,83.7020,53,83.0400,S2,0.8200,0.1860,1.7940
2024,Italian,R,HUL,Haas F1 Team,41,83.2750,85.1660,52,83.0500,S2,1.0370,0.2250,1.8430
2024,Italian,R,MAG,Haas F1 Team,47,83.4370,84.7690,53,83.3220,S2,1.0100,0.1150,2.0050
2024,Italian,R,BOT,Kick Sauber,43,83.6090,86.2060,52,83.3910,S2,0.9800,0.2180,2.1770
2024,Italian,R,COL,Williams,45,83.7280,84.9280,53,83.7280,S2,1.1210,-0.0000,2.2960
2024,Italian,R,GAS,Alpine,40,83.7550,85.1235,52,83.6890,S2,1.1250,0.0660,2.3230
2024,Italian,R,ALB,Williams,47,83.9180,84.9940,53,83.5830,S2,1.1380,0.3350,2.4860
2024,Italian,R,RIC,RB,45,84.2190,85.0250,53,84.1050,S3,1.2650,0.1140,2.7870
2024,Italian,R,OCO,Alpine,43,84.3430,86.0060,52,84.1850,S2,1.2940,0.1580,2.9110
2024,Italian,R,ZHO,Kick Sauber,40,85.0920,85.7985,52,84.9630,S2,1.6650,0.1290,3.6600
2024,Italian,R,TSU,RB,4,86.1980,87.1015,7,86.1980,S2,2.2500,-0.0000,4.7660
2024,Monaco,Q,LEC,Ferrari,8,70.2700,71.1815,26,70.2700,S1,0.1420,-0.0000,0.0000
2024,Monaco,Q,PIA,McLaren,8,70.4240,71.4365,24,70.2000,S1,0.0590,0.2240,0.1540
2024,Monaco,Q,SAI,Ferrari,8,70.5180,71.1785,28,70.5180,S1,0.2500,0.0000,0.2480
2024,Monaco,Q,NOR,McLaren,9,70.5420,71.4290,27,70.5080,S1,0.1880,0.0340,0.2720
2024,Monaco,Q,RUS,Mercedes,7,70.5430,71.5170,28,70.5430,S2,0.3060,0.0000,0.2730
2024,Monaco,Q,VER,Red Bull Racing,8,70.5670,71.4535,28,70.5670,S2,0.2680,-0.0000,0.2970
2024,Monaco,Q,HAM,Mercedes,8,70.6210,71.3060,28,70.6210,S2,0.2830,0.0000,0.3510
2024,Monaco,Q,TSU,RB,9,70.8580,71.6830,25,70.8580,S1,0.3510,0.0000,0.5880
2024,Monaco,Q,GAS,Alpine,8,70.8960,71.6095,30,70.8440,S3,0.2520,0.0520,0.6260
2024,Monaco,Q,ALB,Williams,9,70.9480,71.6600,29,70.9480,S2,0.4410,-0.0000,0.6780
2024,Monaco,Q,OCO,Alpine,5,71.2850,71.9060,20,71.2850,S1,0.4570,0.0000,1.0150
2024,Monaco,Q,HUL,Haas F1 Team,5,71.4400,72.0800,20,71.4400,S2,0.4750,0.0000,1.1700
2024,Monaco,Q,RIC,RB,5,71.4820,72.0640,21,71.4820,S2,0.5490,0.0000,1.2120
2024,Monaco,Q,STR,Aston Martin,5,71.5630,72.0260,17,71.4170,S2,0.6170,0.1460,1.2930
2024,Monaco,Q,MAG,Haas F1 Team,6,71.7250,71.9055,18,71.5630,S2,0.6560,0.1620,1.4550
2024,Monaco,Q,SAR,Williams,4,72.0200,72.4450,12,72.0190,S2,0.9120,0.0010,1.7500
2024,Monaco,Q,PER,Red Bull Racing,5,72.0600,72.6980,12,72.0140,S2,0.7920,0.0460,1.7900
2024,Monaco,Q,ALO,Aston Martin,2,72.0870,72.1025,11,72.0360,S2,0.8470,0.0510,1.8170
2024,Monaco,Q,BOT,Kick Sauber,4,72.5120,73.2125,11,72.3830,S2,0.8520,0.1290,2.2420
2024,Monaco,Q,ZHO,Kick Sauber,4,73.0280,73.6990,11,73.0280,S1,1.1430,0.0000,2.7580
2024,Monaco,R,HAM,Mercedes,47,74.1650,77.3980,78,74.0270,S1,0.1420,0.1380,0.0000
2024,Monaco,R,VER,Red Bull Racing,52,74.5690,78.2580,78,74.5480,S2,0.5270,0.0210,0.4040
2024,Monaco,R,ZHO,Kick Sauber,12,74.7180,78.7920,76,74.7180,S1,0.4080,0.0000,0.5530
2024,Monaco,R,TSU,RB,29,74.7200,78.5020,77,74.7200,S2,0.3910,0.0000,0.5550
2024,Monaco,R,SAI,Ferrari,61,74.7260,78.2070,78,74.6450,S2,0.4240,0.0810,0.5610
2024,Monaco,R,LEC,Ferrari,67,75.1620,78.4450,78,75.1590,S2,0.6590,0.0030,0.9970
2024,Monaco,R,RUS,Mercedes,64,75.2280,78.4165,78,75.1540,S2,0.5660,0.0740,1.0630
2024,Monaco,R,SAR,Williams,30,75.5250,79.6995,76,75.3280,S2,0.7140,0.1970,1.3600
2024,Monaco,R,GAS,Alpine,50,75.6250,79.5120,77,75.6250,S1,0.6350,0.0000,1.4600
2024,Monaco,R,NOR,McLaren,70,75.7420,78.3890,78,75.6600,S2,0.9950,0.0820,1.5770
2024,Monaco,R,PIA,McLaren,72,76.2810,78.4445,78,76.1950,S2,1.1760,0.0860,2.1160
2024,Monaco,R,BOT,Kick Sauber,59,76.5610,80.2390,76,76.3200,S2,1.0420,0.2410,2.3960
2024,Monaco,R,STR,Aston Martin,59,76.7100,79.4640,76,76.3980,S2,1.0480,0.3120,2.5450
2024,Monaco,R,ALB,Williams,68,77.0600,80.0630,77,77.0600,S2,1.3540,0.0000,2.8950
2024,Monaco,R,RIC,RB,66,77.1720,80.6970,76,77.0250,S2,1.4000,0.1470,3.0070
2024,Monaco,R,ALO,Aston Martin,68,77.9390,80.5160,76,77.7680,S2,1.8170,0.1710,3.7740
