Year,Event,Session,Driver,Team,Sector,Laps,Best,Median,Mean,Std,P25,P75,DeltaBest,DeltaMedian,RankBest,DeltaTeammateBest,DeltaTeammateMedian
2024,Bahrain,Q,VER,Red Bull Racing,S1,5,28.5090,28.6860,28.6678,0.1425,28.5350,28.7870,0.0000,-0.3165,1,-0.2290,-0.1310
2024,Bahrain,Q,STR,Aston Martin,S1,4,28.6500,28.8795,28.9050,0.2969,28.6507,29.1337,0.1410,-0.1230,2,-0.1800,-0.0195
2024,Bahrain,Q,PER,Red Bull Racing,S1,5,28.7380,28.8170,28.8444,0.0851,28.8040,28.9240,0.2290,-0.1855,3,0.2290,0.1310
2024,Bahrain,Q,LEC,Ferrari,S1,5,28.7620,28.8630,28.9098,0.1266,28.8430,29.0140,0.2530,-0.1395,4,-0.0880,-0.0270
2024,Bahrain,Q,RUS,Mercedes,S1,5,28.8000,28.9540,28.9804,0.1944,28.8000,29.1020,0.2910,-0.0485,5,-0.0030,-0.0700
2024,Bahrain,Q,HAM,Mercedes,S1,6,28.8030,29.0240,29.0025,0.1389,28.9155,29.0883,0.2940,0.0215,6,0.0030,0.0700
2024,Bahrain,Q,TSU,RB,S1,4,28.8210,29.0475,29.0258,0.1747,28.9110,29.1623,0.3120,0.0450,7,-0.0630,-0.0265
2024,Bahrain,Q,ALO,Aston Martin,S1,4,28.8300,28.8990,28.9290,0.1112,28.8742,28.9537,0.3210,-0.1035,8,0.1800,0.0195
2024,Bahrain,Q,HUL,Haas F1 Team,S1,6,28.8340,29.0105,28.9933,0.1461,28.8768,29.0385,0.3250,0.0080,9,-0.0500,0.0500
2024,Bahrain,Q,NOR,McLaren,S1,4,28.8360,28.9945,28.9675,0.0913,28.9462,29.0158,0.3270,-0.0080,10,-0.0650,-0.1275
2024,Bahrain,Q,SAI,Ferrari,S1,5,28.8500,28.8900,28.9334,0.0991,28.8510,29.0080,0.3410,-0.1125,11,0.0880,0.0270
2024,Bahrain,Q,ALB,Williams,S1,3,28.8580,28.8660,28.9727,0.1917,28.8620,29.0300,0.3490,-0.1365,12,-0.1330,-0.2165
2024,Bahrain,Q,MAG,Haas F1 Team,S1,2,28.8840,28.9605,28.9605,0.1082,28.9222,28.9988,0.3750,-0.0420,13,0.0500,-0.0500
2024,Bahrain,Q,RIC,RB,S1,3,28.8840,29.0740,29.0543,0.1614,28.9790,29.1395,0.3750,0.0715,13,0.0630,0.0265
2024,Bahrain,Q,PIA,McLaren,S1,6,28.9010,29.1220,29.0977,0.1454,28.9868,29.2227,0.3920,0.1195,15,0.0650,0.1275
2024,Bahrain,Q,SAR,Williams,S1,2,28.9910,29.0825,29.0825,0.1294,29.0367,29.1283,0.4820,0.0800,16,0.1330,0.2165
2024,Bahrain,Q,BOT,Kick Sauber,S1,2,29.0630,29.1045,29.1045,0.0587,29.0837,29.1253,0.5540,0.1020,17,-0.0910,-0.1050
2024,Bahrain,Q,OCO,Alpine,S1,3,29.1420,29.3900,29.4290,0.3084,29.2660,29.5725,0.6330,0.3875,18,-0.0060,0.0985
2024,Bahrain,Q,GAS,Alpine,S1,2,29.1480,29.2915,29.2915,0.2029,29.2197,29.3633,0.6390,0.2890,19,0.0060,-0.0985
2024,Bahrain,Q,ZHO,Kick Sauber,S1,2,29.1540,29.2095,29.2095,0.0785,29.1818,29.2372,0.6450,0.2070,20,0.0910,0.1050
2024,Bahrain,Q,LEC,Ferrari,S2,5,38.0590,38.3440,38.3550,0.2073,38.2760,38.5070,0.0000,-0.4605,1,-0.2390,-0.0600
2024,Bahrain,Q,NOR,McLaren,S2,4,38.2070,38.4415,38.4188,0.1912,38.2820,38.5782,0.1480,-0.3630,2,-0.1360,-0.3440
2024,Bahrain,Q,ALO,Aston Martin,S2,4,38.2360,38.5800,38.5233,0.2056,38.4475,38.6558,0.1770,-0.2245,3,-0.3730,-0.3365
2024,Bahrain,Q,VER,Red Bull Racing,S2,5,38.2690,38.3870,38.4728,0.1997,38.3610,38.5800,0.2100,-0.4175,4,-0.0540,-0.2660
2024,Bahrain,Q,SAI,Ferrari,S2,5,38.2980,38.4040,38.4568,0.2119,38.3460,38.4090,0.2390,-0.4005,5,0.2390,0.0600
2024,Bahrain,Q,PER,Red Bull Racing,S2,5,38.3230,38.6530,38.6270,0.1991,38.5980,38.6870,0.2640,-0.1515,6,0.0540,0.2660
2024,Bahrain,Q,PIA,McLaren,S2,6,38.3430,38.7855,38.7245,0.1987,38.7140,38.8367,0.2840,-0.0190,7,0.1360,0.3440
2024,Bahrain,Q,RUS,Mercedes,S2,5,38.4210,38.6100,38.6244,0.1752,38.5030,38.7270,0.3620,-0.1945,8,-0.0010,-0.1520
2024,Bahrain,Q,HAM,Mercedes,S2,6,38.4220,38.7620,38.7292,0.2122,38.5962,38.8648,0.3630,-0.0425,9,0.0010,0.1520
2024,Bahrain,Q,STR,Aston Martin,S2,4,38.6090,38.9165,38.8625,0.1813,38.7943,38.9847,0.5500,0.1120,10,0.3730,0.3365
2024,Bahrain,Q,HUL,Haas F1 Team,S2,6,38.6360,38.8905,38.9278,0.1951,38.8630,39.0800,0.5770,0.0860,11,-0.3160,-0.0735
2024,Bahrain,Q,TSU,RB,S2,4,38.7270,38.8710,38.9072,0.1817,38.8320,38.9462,0.6680,0.0665,12,-0.0750,0.0640
2024,Bahrain,Q,ALB,Williams,S2,3,38.7500,38.8020,38.8090,0.0628,38.7760,38.8385,0.6910,-0.0025,13,-0.3690,-0.3610
2024,Bahrain,Q,RIC,RB,S2,3,38.8020,38.8070,38.8357,0.0540,38.8045,38.8525,0.7430,0.0025,14,0.0750,-0.0640
2024,Bahrain,Q,GAS,Alpine,S2,2,38.8570,38.9140,38.9140,0.0806,38.8855,38.9425,0.7980,0.1095,15,-0.0770,-0.0830
2024,Bahrain,Q,OCO,Alpine,S2,3,38.9340,38.9970,39.0787,0.1985,38.9655,39.1510,0.8750,0.1925,16,0.0770,0.0830
2024,Bahrain,Q,ZHO,Kick Sauber,S2,2,38.9440,39.0480,39.0480,0.1471,38.9960,39.1000,0.8850,0.2435,17,-0.0810,-0.0175
2024,Bahrain,Q,MAG,Haas F1 Team,S2,2,38.9520,38.9640,38.9640,0.0170,38.9580,38.9700,0.8930,0.1595,18,0.3160,0.0735
2024,Bahrain,Q,BOT,Kick Sauber,S2,2,39.0250,39.0655,39.0655,0.0573,39.0452,39.0858,0.9660,0.2610,19,0.0810,0.0175
2024,Bahrain,Q,SAR,Williams,S2,2,39.1190,39.1630,39.1630,0.0622,39.1410,39.1850,1.0600,0.3585,20,0.3690,0.3610
2024,Bahrain,Q,LEC,Ferrari,S3,5,22.2630,22.3690,22.4130,0.1580,22.2730,22.5730,0.0000,-0.2613,1,-0.0740,0.0100
2024,Bahrain,Q,RUS,Mercedes,S3,5,22.2640,22.3580,22.4068,0.1424,22.3000,22.5210,0.0010,-0.2722,2,-0.1050,-0.1725
2024,Bahrain,Q,SAI,Ferrari,S3,5,22.3370,22.3590,22.4142,0.0897,22.3530,22.4920,0.0740,-0.2712,3,0.0740,-0.0100
2024,Bahrain,Q,NOR,McLaren,S3,4,22.3620,22.4430,22.4580,0.1117,22.3650,22.5360,0.0990,-0.1873,4,-0.0770,-0.1240
2024,Bahrain,Q,HAM,Mercedes,S3,6,22.3690,22.5305,22.5172,0.1208,22.4360,22.5523,0.1060,-0.0998,5,0.1050,0.1725
2024,Bahrain,Q,ALO,Aston Martin,S3,4,22.3740,22.4410,22.4622,0.0970,22.3980,22.5053,0.1110,-0.1893,6,-0.3200,-0.2855
2024,Bahrain,Q,VER,Red Bull Racing,S3,5,22.3740,22.4780,22.4924,0.1261,22.3750,22.5710,0.1110,-0.1522,6,-0.0360,-0.0630
2024,Bahrain,Q,HUL,Haas F1 Team,S3,6,22.3810,22.6020,22.6047,0.1285,22.5835,22.7000,0.1180,-0.0282,8,-0.2760,-0.0610
2024,Bahrain,Q,PER,Red Bull Racing,S3,5,22.4100,22.5410,22.5726,0.1212,22.5260,22.6840,0.1470,-0.0892,9,0.0360,0.0630
2024,Bahrain,Q,PIA,McLaren,S3,6,22.4390,22.5670,22.5617,0.1023,22.4805,22.6490,0.1760,-0.0633,10,0.0770,0.1240
2024,Bahrain,Q,ALB,Williams,S3,3,22.5530,22.6640,22.6550,0.0978,22.6085,22.7060,0.2900,0.0338,11,-0.1070,-0.0395
2024,Bahrain,Q,TSU,RB,S3,4,22.5810,22.7265,22.7153,0.1130,22.6440,22.7978,0.3180,0.0963,12,-0.0110,0.0455
2024,Bahrain,Q,RIC,RB,S3,3,22.5920,22.6810,22.7317,0.1707,22.6365,22.8015,0.3290,0.0508,13,0.0110,-0.0455
2024,Bahrain,Q,MAG,Haas F1 Team,S3,2,22.6570,22.6630,22.6630,0.0085,22.6600,22.6660,0.3940,0.0328,14,0.2760,0.0610
2024,Bahrain,Q,ZHO,Kick Sauber,S3,2,22.6580,22.6585,22.6585,0.0007,22.6583,22.6587,0.3950,0.0282,15,-0.0100,-0.0880
2024,Bahrain,Q,SAR,Williams,S3,2,22.6600,22.7035,22.7035,0.0615,22.6818,22.7252,0.3970,0.0732,16,0.1070,0.0395
2024,Bahrain,Q,BOT,Kick Sauber,S3,2,22.6680,22.7465,22.7465,0.1110,22.7072,22.7858,0.4050,0.1162,17,0.0100,0.0880
2024,Bahrain,Q,STR,Aston Martin,S3,4,22.6940,22.7265,22.7353,0.0456,22.7022,22.7595,0.4310,0.0963,18,0.3200,0.2855
2024,Bahrain,Q,OCO,Alpine,S3,3,22.7170,22.8740,22.8403,0.1104,22.7955,22.9020,0.4540,0.2437,19,-0.1120,-0.0350
2024,Bahrain,Q,GAS,Alpine,S3,2,22.8290,22.9090,22.9090,0.1131,22.8690,22.9490,0.5660,0.2787,20,0.1120,0.0350
2024,Bahrain,R,VER,Red Bull Racing,S1,48,29.7410,30.6080,30.6115,0.3174,30.4162,30.8942,0.0000,-0.2915,1,-0.3220,-0.1010
2024,Bahrain,R,ALO,Aston Martin,S1,50,30.0460,30.9495,30.9165,0.4110,30.5437,31.0883,0.3050,0.0500,2,-0.2020,0.0545
2024,Bahrain,R,HAM,Mercedes,S1,48,30.0600,30.7840,30.7679,0.2841,30.5922,30.9965,0.3190,-0.1155,3,-0.2260,0.0045
2024,Bahrain,R,LEC,Ferrari,S1,48,30.0630,30.8350,30.8156,0.2925,30.6055,31.0815,0.3220,-0.0645,4,-0.1390,0.1365
2024,Bahrain,R,PER,Red Bull Racing,S1,50,30.0630,30.7090,30.6898,0.2646,30.4378,30.8998,0.3220,-0.1905,4,0.3220,0.1010
2024,Bahrain,R,HUL,Haas F1 Team,S1,47,30.1300,30.8120,30.7473,0.2880,30.5880,30.9765,0.3890,-0.0875,6,-0.0970,-0.1485
2024,Bahrain,R,PIA,McLaren,S1,47,30.1960,30.9040,30.8699,0.2672,30.6785,31.0255,0.4550,0.0045,7,-0.1220,0.0620
2024,Bahrain,R,SAI,Ferrari,S1,50,30.2020,30.6985,30.6945,0.2265,30.4997,30.8517,0.4610,-0.2010,8,0.1390,-0.1365
2024,Bahrain,R,MAG,Haas F1 Team,S1,48,30.2270,30.9605,30.9632,0.3313,30.7120,31.1692,0.4860,0.0610,9,0.0970,0.1485
2024,Bahrain,R,STR,Aston Martin,S1,48,30.2480,30.8950,30.9164,0.2367,30.7757,31.0605,0.5070,-0.0045,10,0.2020,-0.0545
2024,Bahrain,R,RUS,Mercedes,S1,48,30.2860,30.7795,30.8152,0.2761,30.6060,30.9832,0.5450,-0.1200,11,0.2260,-0.0045
2024,Bahrain,R,SAR,Williams,S1,38,30.3160,30.8490,30.8867,0.2731,30.6710,31.1028,0.5750,-0.0505,12,-0.2910,-0.1980
2024,Bahrain,R,NOR,McLaren,S1,46,30.3180,30.8420,30.7872,0.2774,30.5502,30.9905,0.5770,-0.0575,13,0.1220,-0.0620
2024,Bahrain,R,RIC,RB,S1,45,30.3740,30.9820,30.9098,0.3271,30.5640,31.0830,0.6330,0.0825,14,-0.1060,-0.0410
2024,Bahrain,R,TSU,RB,S1,47,30.4800,31.0230,31.0114,0.2622,30.7850,31.1670,0.7390,0.1235,15,0.1060,0.0410
2024,Bahrain,R,BOT,Kick Sauber,S1,45,30.5010,31.0280,31.0617,0.2082,30.9070,31.2040,0.7600,0.1285,16,-0.1110,-0.0045
2024,Bahrain,R,GAS,Alpine,S1,46,30.5090,31.1090,31.0598,0.2458,30.8873,31.2485,0.7680,0.2095,17,-0.3890,-0.0670
2024,Bahrain,R,ALB,Williams,S1,46,30.6070,31.0470,31.0875,0.2880,30.8185,31.3200,0.8660,0.1475,18,0.2910,0.1980
2024,Bahrain,R,ZHO,Kick Sauber,S1,48,30.6120,31.0325,31.0392,0.2259,30.8845,31.1672,0.8710,0.1330,19,0.1110,0.0045
2024,Bahrain,R,OCO,Alpine,S1,44,30.8980,31.1760,31.2362,0.2008,31.0673,31.4142,1.1570,0.2765,20,0.3890,0.0670
2024,Bahrain,R,VER,Red Bull Racing,S2,48,39.9160,41.2815,41.3699,0.5057,40.9790,41.7188,0.0000,-0.7990,1,-0.8560,-0.3400
2024,Bahrain,R,LEC,Ferrari,S2,48,40.6500,41.8745,41.7271,0.5917,41.1480,42.0940,0.7340,-0.2060,2,-0.3210,0.0910
2024,Bahrain,R,PER,Red Bull Racing,S2,50,40.7720,41.6215,41.6222,0.5166,41.1472,41.8053,0.8560,-0.4590,3,0.8560,0.3400
2024,Bahrain,R,ALO,Aston Martin,S2,50,40.7830,42.2365,42.0410,0.6941,41.2695,42.5418,0.8670,0.1560,4,-0.8260,0.1875
2024,Bahrain,R,NOR,McLaren,S2,46,40.8380,41.8235,41.7762,0.5132,41.3403,42.0715,0.9220,-0.2570,5,-0.2170,-0.0395
2024,Bahrain,R,GAS,Alpine,S2,46,40.9130,42.3895,42.1142,0.7149,41.5228,42.7133,0.9970,0.3090,6,-0.6360,0.0335
2024,Bahrain,R,SAR,Williams,S2,38,40.9660,42.1120,42.1592,0.6920,41.5525,42.6765,1.0500,0.0315,7,-0.5060,-0.4625
2024,Bahrain,R,SAI,Ferrari,S2,50,40.9710,41.7835,41.7430,0.5469,41.2185,41.9828,1.0550,-0.2970,8,0.3210,-0.0910
2024,Bahrain,R,PIA,McLaren,S2,47,41.0550,41.8630,41.8131,0.5424,41.3125,42.0990,1.1390,-0.2175,9,0.2170,0.0395
2024,Bahrain,R,HAM,Mercedes,S2,48,41.1160,41.9755,41.9660,0.6164,41.4180,42.2550,1.2000,-0.1050,10,-0.0800,0.0015
2024,Bahrain,R,HUL,Haas F1 Team,S2,47,41.1450,42.0490,42.0829,0.5008,41.7320,42.5385,1.2290,-0.0315,11,-0.2640,-0.4310
2024,Bahrain,R,ZHO,Kick Sauber,S2,48,41.1900,42.1705,42.2937,0.4513,41.9637,42.5960,1.2740,0.0900,12,-0.3680,-0.2835
2024,Bahrain,R,RUS,Mercedes,S2,48,41.1960,41.9740,41.9321,0.4092,41.6780,42.1997,1.2800,-0.1065,13,0.0800,-0.0015
2024,Bahrain,R,RIC,RB,S2,45,41.2260,42.5590,42.3769,0.6960,41.7440,42.7660,1.3100,0.4785,14,-0.2440,0.2100
2024,Bahrain,R,MAG,Haas F1 Team,S2,48,41.4090,42.4800,42.3169,0.5329,41.8075,42.6937,1.4930,0.3995,15,0.2640,0.4310
2024,Bahrain,R,TSU,RB,S2,47,41.4700,42.3490,42.3270,0.4800,41.9630,42.6510,1.5540,0.2685,16,0.2440,-0.2100
2024,Bahrain,R,ALB,Williams,S2,46,41.4720,42.5745,42.4101,0.5863,41.7413,42.9170,1.5560,0.4940,17,0.5060,0.4625
2024,Bahrain,R,OCO,Alpine,S2,44,41.5490,42.3560,42.3698,0.5035,41.8735,42.7560,1.6330,0.2755,18,0.6360,-0.0335
2024,Bahrain,R,BOT,Kick Sauber,S2,45,41.5580,42.4540,42.4311,0.5086,41.9860,42.7410,1.6420,0.3735,19,0.3680,0.2835
2024,Bahrain,R,STR,Aston Martin,S2,48,41.6090,42.0490,42.2618,0.4947,41.8762,42.6568,1.6930,-0.0315,20,0.8260,-0.1875
2024,Bahrain,R,VER,Red Bull Racing,S3,48,22.9510,23.6275,23.6270,0.2507,23.4907,23.7970,0.0000,-0.2767,1,-0.2000,-0.0575
2024,Bahrain,R,SAI,Ferrari,S3,50,23.1400,23.5720,23.5939,0.3006,23.3532,23.7705,0.1890,-0.3322,2,-0.1400,-0.1700
2024,Bahrain,R,PER,Red Bull Racing,S3,50,23.1510,23.6850,23.6806,0.3172,23.4337,23.7935,0.2000,-0.2192,3,0.2000,0.0575
2024,Bahrain,R,ALO,Aston Martin,S3,50,23.2650,23.9355,23.9067,0.3550,23.5640,24.1653,0.3140,0.0312,4,-0.2310,0.1565
2024,Bahrain,R,LEC,Ferrari,S3,48,23.2800,23.7420,23.7122,0.2383,23.4917,23.8910,0.3290,-0.1623,5,0.1400,0.1700
2024,Bahrain,R,RUS,Mercedes,S3,48,23.3020,23.6570,23.6449,0.2269,23.4550,23.8265,0.3510,-0.2472,6,-0.0210,-0.0515
2024,Bahrain,R,NOR,McLaren,S3,46,23.3180,23.8305,23.8427,0.2484,23.6895,24.0057,0.3670,-0.0737,7,-0.1330,-0.0425
2024,Bahrain,R,HAM,Mercedes,S3,48,23.3230,23.7085,23.7279,0.2837,23.4820,23.8818,0.3720,-0.1957,8,0.0210,0.0515
2024,Bahrain,R,GAS,Alpine,S3,46,23.3830,24.1590,24.0875,0.4110,23.7225,24.4417,0.4320,0.2548,9,-0.3640,0.1130
2024,Bahrain,R,SAR,Williams,S3,38,23.3850,23.8620,23.9506,0.3494,23.6812,24.1547,0.4340,-0.0422,10,-0.0840,-0.2875
2024,Bahrain,R,PIA,McLaren,S3,47,23.4510,23.8730,23.8757,0.2357,23.6980,24.0165,0.5000,-0.0312,11,0.1330,0.0425
2024,Bahrain,R,ALB,Williams,S3,46,23.4690,24.1495,24.0475,0.3022,23.7975,24.2885,0.5180,0.2453,12,0.0840,0.2875
2024,Bahrain,R,HUL,Haas F1 Team,S3,47,23.4870,23.9440,23.9017,0.2086,23.7565,24.0480,0.5360,0.0398,13,-0.1420,-0.2645
2024,Bahrain,R,STR,Aston Martin,S3,48,23.4960,23.7790,23.8671,0.2305,23.6822,24.1220,0.5450,-0.1252,14,0.2310,-0.1565
2024,Bahrain,R,RIC,RB,S3,45,23.5150,24.2340,24.1281,0.3446,23.8540,24.3470,0.5640,0.3298,15,-0.1110,0.1790
2024,Bahrain,R,ZHO,Kick Sauber,S3,48,23.5940,23.9610,23.9982,0.2382,23.8245,24.0927,0.6430,0.0568,16,-0.0750,-0.1370
2024,Bahrain,R,TSU,RB,S3,47,23.6260,24.0550,24.0662,0.2246,23.9340,24.2730,0.6750,0.1508,17,0.1110,-0.1790
2024,Bahrain,R,MAG,Haas F1 Team,S3,48,23.6290,24.2085,24.1310,0.2753,23.9170,24.3090,0.6780,0.3043,18,0.1420,0.2645
2024,Bahrain,R,BOT,Kick Sauber,S3,45,23.6690,24.0980,24.0998,0.2795,23.8590,24.2900,0.7180,0.1938,19,0.0750,0.1370
2024,Bahrain,R,OCO,Alpine,S3,44,23.7470,24.0460,24.0983,0.3001,23.8302,24.2598,0.7960,0.1418,20,0.3640,-0.1130
2024,British,Q,HUL,Haas F1 Team,S1,5,27.8860,28.0590,28.1298,0.2044,28.0400,28.2520,0.0000,-0.2395,1,-1.7010,-2.1935
2024,British,Q,STR,Aston Martin,S1,5,27.8920,28.1240,28.0816,0.1168,28.0520,28.1580,0.0060,-0.1745,2,-0.2210,-0.0680
2024,British,Q,HAM,Mercedes,S1,6,27.9180,28.3180,28.3288,0.3708,28.0485,28.4810,0.0320,0.0195,3,-0.0760,0.0510
2024,British,Q,RUS,Mercedes,S1,7,27.9940,28.2670,28.3196,0.3510,28.0395,28.4635,0.1080,-0.0315,4,0.0760,-0.0510
2024,British,Q,ALB,Williams,S1,5,28.0040,28.2740,28.2260,0.1251,28.2630,28.2830,0.1180,-0.0245,5,-0.2470,-0.1420
2024,British,Q,SAI,Ferrari,S1,5,28.0090,28.1950,28.1738,0.1190,28.1070,28.2440,0.1230,-0.1035,6,-0.1080,-0.3750
2024,British,Q,NOR,McLaren,S1,3,28.0250,28.1130,28.0960,0.0642,28.0690,28.1315,0.1390,-0.1855,7,-0.0180,-0.0650
2024,British,Q,VER,Red Bull Racing,S1,5,28.0360,28.1380,28.1656,0.0950,28.1360,28.2490,0.1500,-0.1605,8,-3.0830,-2.9810
2024,British,Q,PIA,McLaren,S1,5,28.0430,28.1780,28.1608,0.0975,28.0960,28.1890,0.1570,-0.1205,9,0.0180,0.0650
2024,British,Q,ALO,Aston Martin,S1,4,28.1130,28.1920,28.1893,0.0755,28.1303,28.2510,0.2270,-0.1065,10,0.2210,0.0680
2024,British,Q,TSU,RB,S1,4,28.1150,28.2790,28.3567,0.2760,28.2297,28.4060,0.2290,-0.0195,11,-0.2230,-0.1390
2024,British,Q,LEC,Ferrari,S1,5,28.1170,28.5700,28.7576,0.6184,28.3440,29.1120,0.2310,0.2715,12,0.1080,0.3750
2024,British,Q,SAR,Williams,S1,4,28.2510,28.4160,28.4342,0.1817,28.3065,28.5438,0.3650,0.1175,13,0.2470,0.1420
2024,British,Q,ZHO,Kick Sauber,S1,4,28.2520,28.3180,28.3250,0.0661,28.2955,28.3475,0.3660,0.0195,14,-0.8970,-0.8310
2024,British,Q,RIC,RB,S1,3,28.3380,28.4180,28.4157,0.0765,28.3780,28.4545,0.4520,0.1195,15,0.2230,0.1390
2024,British,Q,BOT,Kick Sauber,S1,1,29.1490,29.1490,29.1490,,29.1490,29.1490,1.2630,0.8505,16,0.8970,0.8310
2024,British,Q,MAG,Haas F1 Team,S1,2,29.5870,30.2525,30.2525,0.9412,29.9198,30.5852,1.7010,1.9540,17,1.7010,2.1935
2024,British,Q,OCO,Alpine,S1,5,29.7520,30.6680,30.7354,0.6596,30.5690,31.3370,1.8660,2.3695,18,-1.7020,-0.8675
2024,British,Q,PER,Red Bull Racing,S1,1,31.1190,31.1190,31.1190,,31.1190,31.1190,3.2330,2.8205,19,3.0830,2.9810
2024,British,Q,GAS,Alpine,S1,2,31.4540,31.5355,31.5355,0.1153,31.4947,31.5763,3.5680,3.2370,20,1.7020,0.8675
2024,British,Q,RUS,Mercedes,S2,7,34.5080,35.0870,35.3886,0.7837,34.8280,35.9835,0.0000,-0.2810,1,-0.1100,-0.0340
2024,British,Q,NOR,McLaren,S2,3,34.5670,34.8130,34.9147,0.4081,34.6900,35.0885,0.0590,-0.5550,2,-0.1340,-0.1140
2024,British,Q,VER,Red Bull Racing,S2,5,34.5870,35.0770,35.0196,0.3634,34.7120,35.2900,0.0790,-0.2910,3,-4.8950,-4.4050
2024,British,Q,HAM,Mercedes,S2,6,34.6180,35.1210,35.1840,0.4600,34.8633,35.5828,0.1100,-0.2470,4,0.1100,0.0340
2024,British,Q,PIA,McLaren,S2,5,34.7010,34.9270,34.9778,0.2017,34.9130,35.1400,0.1930,-0.4410,5,0.1340,0.1140
2024,British,Q,HUL,Haas F1 Team,S2,5,34.7830,35.0730,35.0704,0.2514,34.8990,35.1630,0.2750,-0.2950,6,-2.6630,-3.4310
2024,British,Q,ALB,Williams,S2,5,34.8740,35.0100,35.1650,0.2879,34.9990,35.4080,0.3660,-0.3580,7,-0.2550,-0.5220
2024,British,Q,SAI,Ferrari,S2,5,34.8910,35.0400,35.0788,0.2056,34.8970,35.1940,0.3830,-0.3280,8,-0.2690,-0.7440
2024,British,Q,ALO,Aston Martin,S2,4,34.9150,35.0905,35.1292,0.2157,35.0072,35.2125,0.4070,-0.2775,9,-0.0260,-0.1135
2024,British,Q,STR,Aston Martin,S2,5,34.9410,35.2040,35.2686,0.3216,35.0290,35.4340,0.4330,-0.1640,10,0.0260,0.1135
2024,British,Q,SAR,Williams,S2,4,35.1290,35.5320,35.6045,0.4574,35.3900,35.7465,0.6210,0.1640,11,0.2550,0.5220
2024,British,Q,LEC,Ferrari,S2,5,35.1600,35.7840,36.0056,0.8714,35.4400,36.2650,0.6520,0.4160,12,0.2690,0.7440
2024,British,Q,TSU,RB,S2,4,35.1630,35.9785,35.9795,0.6786,35.6625,36.2955,0.6550,0.6105,13,-0.4310,0.0095
2024,British,Q,ZHO,Kick Sauber,S2,4,35.5020,35.7060,35.7470,0.2552,35.5710,35.8820,0.9940,0.3380,14,-2.0500,-1.8460
2024,British,Q,RIC,RB,S2,3,35.5940,35.9690,35.8913,0.2671,35.7815,36.0400,1.0860,0.6010,15,0.4310,-0.0095
2024,British,Q,MAG,Haas F1 Team,S2,2,37.4460,38.5040,38.5040,1.4962,37.9750,39.0330,2.9380,3.1360,16,2.6630,3.4310
2024,British,Q,BOT,Kick Sauber,S2,1,37.5520,37.5520,37.5520,,37.5520,37.5520,3.0440,2.1840,17,2.0500,1.8460
2024,British,Q,OCO,Alpine,S2,5,38.2010,39.7810,39.3874,1.0601,38.3130,40.1890,3.6930,4.4130,18,-2.3050,-1.0195
2024,British,Q,PER,Red Bull Racing,S2,1,39.4820,39.4820,39.4820,,39.4820,39.4820,4.9740,4.1140,19,4.8950,4.4050
2024,British,Q,GAS,Alpine,S2,2,40.5060,40.8005,40.8005,0.4165,40.6532,40.9477,5.9980,5.4325,20,2.3050,1.0195
2024,British,Q,RUS,Mercedes,S3,7,23.2950,23.6160,23.9081,0.6534,23.4150,24.3785,0.0000,-0.2888,1,-0.0870,-0.0585
2024,British,Q,HAM,Mercedes,S3,6,23.3820,23.6745,23.8767,0.5924,23.4818,24.0383,0.0870,-0.2302,2,0.0870,0.0585
2024,British,Q,NOR,McLaren,S3,3,23.4380,23.6330,23.6630,0.2414,23.5355,23.7755,0.1430,-0.2718,3,-0.0550,-0.1740
2024,British,Q,HUL,Haas F1 Team,S3,5,23.4620,23.6690,23.6752,0.1467,23.6580,23.7150,0.1670,-0.2357,4,-2.4100,-2.9295
2024,British,Q,VER,Red Bull Racing,S3,5,23.4800,23.6020,23.7176,0.2534,23.5810,23.8070,0.1850,-0.3027,5,-4.2670,-4.1450
2024,British,Q,PIA,McLaren,S3,5,23.4930,23.8070,23.7792,0.2364,23.6420,23.8290,0.1980,-0.0978,6,0.0550,0.1740
2024,British,Q,SAI,Ferrari,S3,5,23.5380,23.6960,23.7054,0.1651,23.6090,23.7110,0.2430,-0.2087,7,-0.2820,-0.5290
2024,British,Q,STR,Aston Martin,S3,5,23.5420,23.7520,23.8572,0.2694,23.7510,23.9980,0.2470,-0.1528,8,-0.0890,-0.0255
2024,British,Q,ALO,Aston Martin,S3,4,23.6310,23.7775,23.8260,0.2217,23.6670,23.9365,0.3360,-0.1273,9,0.0890,0.0255
2024,British,Q,ALB,Williams,S3,5,23.6370,23.7530,23.8324,0.2061,23.7240,23.8820,0.3420,-0.1517,10,-0.1580,-0.2495
2024,British,Q,SAR,Williams,S3,4,23.7950,24.0025,24.1247,0.3970,23.9150,24.2123,0.5000,0.0977,11,0.1580,0.2495
2024,British,Q,LEC,Ferrari,S3,5,23.8200,24.2250,24.5232,0.7813,23.8830,25.1190,0.5250,0.3203,12,0.2820,0.5290
2024,British,Q,RIC,RB,S3,3,23.9370,24.2890,24.2130,0.2469,24.1130,24.3510,0.6420,0.3843,13,-0.0540,-0.0440
2024,British,Q,TSU,RB,S3,4,23.9910,24.3330,24.5248,0.6389,24.1643,24.6935,0.6960,0.4282,14,0.0540,0.0440
2024,British,Q,ZHO,Kick Sauber,S3,4,24.0070,24.1620,24.2353,0.2846,24.0175,24.3798,0.7120,0.2572,15,-1.7230,-1.5680
2024,British,Q,BOT,Kick Sauber,S3,1,25.7300,25.7300,25.7300,,25.7300,25.7300,2.4350,1.8253,16,1.7230,1.5680
2024,British,Q,OCO,Alpine,S3,5,25.7490,27.5380,27.1086,1.2591,25.7870,28.1200,2.4540,3.6333,17,-1.9320,-0.2925
2024,British,Q,MAG,Haas F1 Team,S3,2,25.8720,26.5985,26.5985,1.0274,26.2353,26.9617,2.5770,2.6938,18,2.4100,2.9295
2024,British,Q,GAS,Alpine,S3,2,27.6810,27.8305,27.8305,0.2114,27.7557,27.9053,4.3860,3.9258,19,1.9320,0.2925
2024,British,Q,PER,Red Bull Racing,S3,1,27.7470,27.7470,27.7470,,27.7470,27.7470,4.4520,3.8422,20,4.2670,4.1450
2024,British,R,SAI,Ferrari,S1,28,28.5500,29.4370,29.3292,0.3599,28.9895,29.6453,0.0000,-0.0535,1,-0.3800,-0.1250
2024,British,R,ALB,Williams,S1,31,28.6440,29.5700,29.4474,0.3931,29.1100,29.7645,0.0940,0.0795,2,-0.1660,-0.1530
2024,British,R,ALO,Aston Martin,S1,31,28.6940,29.4880,29.3616,0.2888,29.1075,29.5905,0.1440,-0.0025,3,-0.0400,0.0050
2024,British,R,STR,Aston Martin,S1,31,28.7340,29.4830,29.3663,0.3539,29.0385,29.6390,0.1840,-0.0075,4,0.0400,-0.0050
2024,British,R,NOR,McLaren,S1,29,28.7860,29.3780,29.3257,0.2168,29.2790,29.4890,0.2360,-0.1125,5,-0.0670,0.0710
2024,British,R,VER,Red Bull Racing,S1,26,28.8070,29.5205,29.3522,0.2912,29.0873,29.6095,0.2570,0.0300,6,-0.1420,0.0945
2024,British,R,SAR,Williams,S1,29,28.8100,29.7230,29.6043,0.3090,29.4980,29.7950,0.2600,0.2325,7,0.1660,0.1530
2024,British,R,PIA,McLaren,S1,31,28.8530,29.3070,29.2292,0.2273,29.0045,29.4170,0.3030,-0.1835,8,0.0670,-0.0710
2024,British,R,HAM,Mercedes,S1,30,28.8840,29.3565,29.3164,0.2202,29.1465,29.4855,0.3340,-0.1340,9,-0.4150,-0.1340
2024,British,R,TSU,RB,S1,32,28.8930,29.4830,29.4800,0.2713,29.3585,29.6245,0.3430,-0.0075,10,-0.2470,-0.1540
2024,British,R,HUL,Haas F1 Team,S1,28,28.8960,29.4640,29.3890,0.2105,29.2270,29.5448,0.3460,-0.0265,11,-0.0370,-0.1505
2024,British,R,LEC,Ferrari,S1,23,28.9300,29.5620,29.3968,0.2879,29.1000,29.6080,0.3800,0.0715,12,0.3800,0.1250
2024,British,R,MAG,Haas F1 Team,S1,30,28.9330,29.6145,29.5440,0.2697,29.4028,29.7082,0.3830,0.1240,13,0.0370,0.1505
2024,British,R,PER,Red Bull Racing,S1,21,28.9490,29.4260,29.3299,0.2240,29.0930,29.4710,0.3990,-0.0645,14,0.1420,-0.0945
2024,British,R,OCO,Alpine,S1,22,29.1390,29.7605,29.8273,0.4468,29.4028,30.1928,0.5890,0.2700,15,,
2024,British,R,RIC,RB,S1,24,29.1400,29.6370,29.5349,0.2578,29.2620,29.7340,0.5900,0.1465,16,0.2470,0.1540
2024,British,R,ZHO,Kick Sauber,S1,23,29.1630,29.5980,29.6942,0.4104,29.3760,29.8660,0.6130,0.1075,17,-0.0770,-0.1740
2024,British,R,BOT,Kick Sauber,S1,27,29.2400,29.7720,29.7044,0.2807,29.4215,29.9080,0.6900,0.2815,18,0.0770,0.1740
2024,British,R,RUS,Mercedes,S1,18,29.2990,29.4905,29.4780,0.0624,29.4458,29.5078,0.7490,0.0000,19,0.4150,0.1340
2024,British,R,VER,Red Bull Racing,S2,26,35.5910,36.9925,36.5461,0.6239,35.8912,37.0565,0.0000,-0.4205,1,-0.3870,-0.6635
2024,British,R,SAI,Ferrari,S2,28,35.6190,37.3020,36.9498,0.6434,36.2655,37.3602,0.0280,-0.1110,2,-0.4870,-0.0520
2024,British,R,PIA,McLaren,S2,31,35.7040,36.8680,36.6651,0.6858,35.9795,37.2825,0.1130,-0.5450,3,-0.1790,0.0270
2024,British,R,NOR,McLaren,S2,29,35.8830,36.8410,36.8010,0.4638,36.4620,37.1600,0.2920,-0.5720,4,0.1790,-0.0270
2024,British,R,HAM,Mercedes,S2,30,35.9460,36.8465,36.6639,0.4833,36.1580,37.0592,0.3550,-0.5665,5,-0.8480,-0.1070
2024,British,R,PER,Red Bull Racing,S2,21,35.9780,37.6560,37.3440,0.7190,36.5490,37.8190,0.3870,0.2430,6,0.3870,0.6635
2024,British,R,ALO,Aston Martin,S2,31,36.0940,37.4130,37.1407,0.6176,36.6390,37.5795,0.5030,0.0000,7,-0.1270,0.0100
2024,British,R,LEC,Ferrari,S2,23,36.1060,37.3540,37.0816,0.6394,36.3685,37.5905,0.5150,-0.0590,8,0.4870,0.0520
2024,British,R,HUL,Haas F1 Team,S2,28,36.1570,37.5200,37.1539,0.6389,36.4258,37.6890,0.5660,0.1070,9,-0.3750,-0.0515
2024,British,R,ALB,Williams,S2,31,36.1860,37.4130,37.1804,0.6405,36.4940,37.6820,0.5950,0.0000,10,-0.2590,-0.2230
2024,British,R,STR,Aston Martin,S2,31,36.2210,37.4030,37.1336,0.6472,36.3680,37.6915,0.6300,-0.0100,11,0.1270,-0.0100
2024,British,R,OCO,Alpine,S2,22,36.3900,37.9120,37.7022,0.8306,36.8035,38.2327,0.7990,0.4990,12,,
2024,British,R,TSU,RB,S2,32,36.4040,37.5670,37.4023,0.5945,36.9042,37.8428,0.8130,0.1540,13,-0.2280,-0.1040
2024,British,R,SAR,Williams,S2,29,36.4450,37.6360,37.4043,0.6668,36.6910,37.9340,0.8540,0.2230,14,0.2590,0.2230
2024,British,R,MAG,Haas F1 Team,S2,30,36.5320,37.5715,37.4465,0.7280,36.6887,37.9585,0.9410,0.1585,15,0.3750,0.0515
2024,British,R,ZHO,Kick Sauber,S2,23,36.6250,37.4790,37.6629,0.7896,36.9820,38.1115,1.0340,0.0660,16,-0.2970,-0.4190
2024,British,R,RIC,RB,S2,24,36.6320,37.6710,37.4932,0.5827,36.8240,37.7797,1.0410,0.2580,17,0.2280,0.1040
2024,British,R,RUS,Mercedes,S2,18,36.7940,36.9535,36.9673,0.0927,36.9300,37.0078,1.2030,-0.4595,18,0.8480,0.1070
2024,British,R,BOT,Kick Sauber,S2,27,36.9220,37.8980,37.8279,0.5803,37.4080,38.0760,1.3310,0.4850,19,0.2970,0.4190
2024,British,R,VER,Red Bull Racing,S3,26,23.9790,25.1595,24.8899,0.4260,24.4928,25.2560,0.0000,-0.1795,1,-0.5460,-0.1455
2024,British,R,SAI,Ferrari,S3,28,24.1240,25.1350,25.0245,0.4365,24.6605,25.3257,0.1450,-0.2040,2,-0.4040,-0.1550
2024,British,R,SAR,Williams,S3,29,24.1390,25.2440,25.1671,0.3090,25.0240,25.3250,0.1600,-0.0950,3,-0.2720,-0.1740
2024,British,R,PIA,McLaren,S3,31,24.1730,25.0290,24.8777,0.3721,24.5505,25.1805,0.1940,-0.3100,4,-0.2660,0.1110
2024,British,R,HAM,Mercedes,S3,30,24.3310,24.9505,24.8727,0.3456,24.5317,25.0907,0.3520,-0.3885,5,-0.5860,-0.2125
2024,British,R,ALB,Williams,S3,31,24.4110,25.4180,25.1889,0.4380,24.7650,25.4790,0.4320,0.0790,6,0.2720,0.1740
2024,British,R,NOR,McLaren,S3,29,24.4390,24.9180,24.9271,0.3083,24.6400,25.1800,0.4600,-0.4210,7,0.2660,-0.1110
2024,British,R,PER,Red Bull Racing,S3,21,24.5250,25.3050,25.2209,0.2955,24.9770,25.3840,0.5460,-0.0340,8,0.5460,0.1455
2024,British,R,LEC,Ferrari,S3,23,24.5280,25.2900,25.0844,0.3741,24.6850,25.3820,0.5490,-0.0490,9,0.4040,0.1550
2024,British,R,STR,Aston Martin,S3,31,24.5700,25.3390,25.2393,0.4950,24.7400,25.5055,0.5910,0.0000,10,-0.0150,-0.0260
2024,British,R,ALO,Aston Martin,S3,31,24.5850,25.3650,25.2069,0.3721,24.8610,25.4805,0.6060,0.0260,11,0.0150,0.0260
2024,British,R,MAG,Haas F1 Team,S3,30,24.6220,25.4135,25.3497,0.3394,25.1292,25.5190,0.6430,0.0745,12,-0.0060,0.0605
2024,British,R,HUL,Haas F1 Team,S3,28,24.6280,25.3530,25.1609,0.3430,24.8042,25.3888,0.6490,0.0140,13,0.0060,-0.0605
2024,British,R,TSU,RB,S3,32,24.8540,25.3800,25.3993,0.2906,25.1895,25.5700,0.8750,0.0410,14,-0.0710,-0.0320
2024,British,R,RUS,Mercedes,S3,18,24.9170,25.1630,25.1559,0.1338,25.0882,25.1928,0.9380,-0.1760,15,0.5860,0.2125
2024,British,R,RIC,RB,S3,24,24.9250,25.4120,25.3410,0.2612,25.1390,25.4883,0.9460,0.0730,16,0.0710,0.0320
2024,British,R,ZHO,Kick Sauber,S3,23,24.9580,25.4460,25.5340,0.5080,25.1435,25.6985,0.9790,0.1070,17,-0.0610,-0.2480
2024,British,R,BOT,Kick Sauber,S3,27,25.0190,25.6940,25.5911,0.3413,25.2595,25.8230,1.0400,0.3550,18,0.0610,0.2480
2024,British,R,OCO,Alpine,S3,22,25.0370,25.5555,25.6275,0.5180,25.1572,25.9162,1.0580,0.2165,19,,
2024,Italian,Q,SAI,Ferrari,S1,5,26.2230,26.3480,26.3318,0.0890,26.2580,26.4030,0.0000,-0.1423,1,-0.1500,-0.1270
2024,Italian,Q,RUS,Mercedes,S1,5,26.2960,26.4630,26.4460,0.1270,26.3490,26.5070,0.0730,-0.0272,2,-0.0850,0.0410
2024,Italian,Q,HUL,Haas F1 Team,S1,5,26.3410,26.4790,26.4474,0.0677,26.4230,26.4810,0.1180,-0.0113,3,-0.1250,-0.0080
2024,Italian,Q,RIC,RB,S1,3,26.3630,26.6150,26.5413,0.1552,26.4890,26.6305,0.1400,0.1247,4,-0.1770,0.0750
2024,Italian,Q,LEC,Ferrari,S1,7,26.3730,26.4750,26.4941,0.0915,26.4530,26.5190,0.1500,-0.0152,5,0.1500,0.1270
2024,Italian,Q,HAM,Mercedes,S1,5,26.3810,26.4220,26.4542,0.1016,26.4070,26.4280,0.1580,-0.0682,6,0.0850,-0.0410
2024,Italian,Q,VER,Red Bull Racing,S1,5,26.3890,26.3920,26.4438,0.0928,26.3910,26.4420,0.1660,-0.0983,7,-0.0990,-0.1235
2024,Italian,Q,ALB,Williams,S1,6,26.3950,26.4935,26.4965,0.0771,26.4483,26.5403,0.1720,0.0032,8,-0.2180,-0.1195
2024,Italian,Q,NOR,McLaren,S1,4,26.3950,26.4420,26.4428,0.0524,26.3987,26.4860,0.1720,-0.0482,8,-0.0040,0.0215
2024,Italian,Q,PIA,McLaren,S1,4,26.3990,26.4205,26.4198,0.0197,26.4050,26.4352,0.1760,-0.0697,10,0.0040,-0.0215
2024,Italian,Q,ALO,Aston Martin,S1,3,26.4240,26.4630,26.4747,0.0574,26.4435,26.5000,0.2010,-0.0272,11,-0.2240,-0.1850
2024,Italian,Q,OCO,Alpine,S1,4,26.4360,26.5570,26.5525,0.1013,26.4870,26.6225,0.2130,0.0668,12,-0.0370,-0.0060
2024,Italian,Q,MAG,Haas F1 Team,S1,2,26.4660,26.4870,26.4870,0.0297,26.4765,26.4975,0.2430,-0.0032,13,0.1250,0.0080
2024,Italian,Q,GAS,Alpine,S1,3,26.4730,26.5630,26.5603,0.0860,26.5180,26.6040,0.2500,0.0727,14,0.0370,0.0060
2024,Italian,Q,PER,Red Bull Racing,S1,4,26.4880,26.5155,26.5530,0.0953,26.4955,26.5730,0.2650,0.0253,15,0.0990,0.1235
2024,Italian,Q,TSU,RB,S1,1,26.5400,26.5400,26.5400,,26.5400,26.5400,0.3170,0.0497,16,0.1770,-0.0750
2024,Italian,Q,COL,Williams,S1,1,26.6130,26.6130,26.6130,,26.6130,26.6130,0.3900,0.1227,17,0.2180,0.1195
2024,Italian,Q,STR,Aston Martin,S1,1,26.6480,26.6480,26.6480,,26.6480,26.6480,0.4250,0.1578,18,0.2240,0.1850
2024,Italian,Q,BOT,Kick Sauber,S1,1,26.7060,26.7060,26.7060,,26.7060,26.7060,0.4830,0.2157,19,-0.1320,-0.1785
2024,Italian,Q,ZHO,Kick Sauber,S1,2,26.8380,26.8845,26.8845,0.0658,26.8613,26.9078,0.6150,0.3943,20,0.1320,0.1785
2024,Italian,Q,NOR,McLaren,S2,4,26.5790,26.8065,26.7725,0.1442,26.7058,26.8732,0.0000,-0.3710,1,-0.0640,-0.0025
2024,Italian,Q,PIA,McLaren,S2,4,26.6430,26.8090,26.7770,0.0917,26.7578,26.8283,0.0640,-0.3685,2,0.0640,0.0025
2024,Italian,Q,VER,Red Bull Racing,S2,5,26.6560,26.8530,26.8494,0.1325,26.7980,26.9470,0.0770,-0.3245,3,-0.3780,-0.2135
2024,Italian,Q,HAM,Mercedes,S2,5,26.6720,26.8550,26.8520,0.1521,26.7650,26.8900,0.0930,-0.3225,4,-0.1640,-0.0260
2024,Italian,Q,LEC,Ferrari,S2,7,26.7320,26.9410,26.9109,0.0990,26.8715,26.9795,0.1530,-0.2365,5,-0.0910,-0.0010
2024,Italian,Q,SAI,Ferrari,S2,5,26.8230,26.9420,26.9786,0.1260,26.9340,27.0340,0.2440,-0.2355,6,0.0910,0.0010
2024,Italian,Q,RUS,Mercedes,S2,5,26.8360,26.8810,26.9186,0.1006,26.8440,26.9540,0.2570,-0.2965,7,0.1640,0.0260
2024,Italian,Q,PER,Red Bull Racing,S2,4,27.0340,27.0665,27.0870,0.0675,27.0400,27.1135,0.4550,-0.1110,8,0.3780,0.2135
2024,Italian,Q,ALB,Williams,S2,6,27.0710,27.1915,27.1843,0.0878,27.1220,27.2595,0.4920,0.0140,9,-0.3490,-0.2285
2024,Italian,Q,HUL,Haas F1 Team,S2,5,27.0740,27.1750,27.2020,0.1073,27.1600,27.2380,0.4950,-0.0025,10,-0.0330,-0.0445
2024,Italian,Q,MAG,Haas F1 Team,S2,2,27.1070,27.2195,27.2195,0.1591,27.1632,27.2758,0.5280,0.0420,11,0.0330,0.0445
2024,Italian,Q,ALO,Aston Martin,S2,3,27.1310,27.1430,27.1783,0.0718,27.1370,27.2020,0.5520,-0.0345,12,-0.0490,-0.0370
2024,Italian,Q,RIC,RB,S2,3,27.1410,27.2920,27.2967,0.1581,27.2165,27.3745,0.5620,0.1145,13,-0.2450,-0.0940
2024,Italian,Q,STR,Aston Martin,S2,1,27.1800,27.1800,27.1800,,27.1800,27.1800,0.6010,0.0025,14,0.0490,0.0370
2024,Italian,Q,GAS,Alpine,S2,3,27.2630,27.3640,27.3330,0.0608,27.3135,27.3680,0.6840,0.1865,15,-0.0010,-0.0025
2024,Italian,Q,OCO,Alpine,S2,4,27.2640,27.3665,27.3980,0.1461,27.3023,27.4622,0.6850,0.1890,16,0.0010,0.0025
2024,Italian,Q,TSU,RB,S2,1,27.3860,27.3860,27.3860,,27.3860,27.3860,0.8070,0.2085,17,0.2450,0.0940
2024,Italian,Q,COL,Williams,S2,1,27.4200,27.4200,27.4200,,27.4200,27.4200,0.8410,0.2425,18,0.3490,0.2285
2024,Italian,Q,BOT,Kick Sauber,S2,1,27.4460,27.4460,27.4460,,27.4460,27.4460,0.8670,0.2685,19,-0.1780,-0.2440
2024,Italian,Q,ZHO,Kick Sauber,S2,2,27.6240,27.6900,27.6900,0.0933,27.6570,27.7230,1.0450,0.5125,20,0.1780,0.2440
2024,Italian,Q,NOR,McLaren,S3,4,26.2530,26.3615,26.3762,0.1429,26.2553,26.4825,0.0000,-0.4990,1,-0.1330,-0.1275
2024,Italian,Q,RUS,Mercedes,S3,5,26.3000,26.5330,26.4980,0.1516,26.3840,26.6270,0.0470,-0.3275,2,-0.0790,0.0780
2024,Italian,Q,LEC,Ferrari,S3,7,26.3560,26.6260,26.5801,0.1334,26.5275,26.6380,0.1030,-0.2345,3,-0.0650,0.1170
2024,Italian,Q,HAM,Mercedes,S3,5,26.3790,26.4550,26.5380,0.1726,26.4130,26.6770,0.1260,-0.4055,4,0.0790,-0.0780
2024,Italian,Q,PIA,McLaren,S3,4,26.3860,26.4890,26.4907,0.1011,26.4160,26.5637,0.1330,-0.3715,5,0.1330,0.1275
2024,Italian,Q,SAI,Ferrari,S3,5,26.4210,26.5090,26.5784,0.1403,26.5090,26.7120,0.1680,-0.3515,6,0.0650,-0.1170
2024,Italian,Q,PER,Red Bull Racing,S3,4,26.5320,26.7040,26.6795,0.1056,26.6460,26.7375,0.2790,-0.1565,7,-0.0470,0.0760
2024,Italian,Q,VER,Red Bull Racing,S3,5,26.5790,26.6280,26.6780,0.1205,26.6170,26.6830,0.3260,-0.2325,8,0.0470,-0.0760
2024,Italian,Q,HUL,Haas F1 Team,S3,5,26.7630,26.8360,26.8400,0.0671,26.7860,26.9050,0.5100,-0.0245,9,-0.3300,-0.2730
2024,Italian,Q,ALB,Williams,S3,6,26.7690,26.8270,26.8700,0.1134,26.7897,26.9295,0.5160,-0.0335,10,-0.2590,-0.2010
2024,Italian,Q,ALO,Aston Martin,S3,3,26.8270,26.8850,26.8830,0.0550,26.8560,26.9110,0.5740,0.0245,11,-0.3580,-0.3000
2024,Italian,Q,GAS,Alpine,S3,3,26.9110,26.9120,26.9383,0.0465,26.9115,26.9520,0.6580,0.0515,12,-0.0010,-0.0655
2024,Italian,Q,OCO,Alpine,S3,4,26.9120,26.9775,26.9895,0.0759,26.9473,27.0197,0.6590,0.1170,13,0.0010,0.0655
2024,Italian,Q,BOT,Kick Sauber,S3,1,26.9490,26.9490,26.9490,,26.9490,26.9490,0.6960,0.0885,14,-0.1030,-0.2175
2024,Italian,Q,RIC,RB,S3,3,26.9750,27.1210,27.0990,0.1146,27.0480,27.1610,0.7220,0.2605,15,-0.1670,-0.0210
2024,Italian,Q,COL,Williams,S3,1,27.0280,27.0280,27.0280,,27.0280,27.0280,0.7750,0.1675,16,0.2590,0.2010
2024,Italian,Q,ZHO,Kick Sauber,S3,2,27.0520,27.1665,27.1665,0.1619,27.1092,27.2237,0.7990,0.3060,17,0.1030,0.2175
2024,Italian,Q,MAG,Haas F1 Team,S3,2,27.0930,27.1090,27.1090,0.0226,27.1010,27.1170,0.8400,0.2485,18,0.3300,0.2730
2024,Italian,Q,TSU,RB,S3,1,27.1420,27.1420,27.1420,,27.1420,27.1420,0.8890,0.2815,19,0.1670,0.0210
2024,Italian,Q,STR,Aston Martin,S3,1,27.1850,27.1850,27.1850,,27.1850,27.1850,0.9320,0.3245,20,0.3580,0.3000
2024,Italian,R,VER,Red Bull Racing,S1,45,26.8770,27.5730,27.6032,0.2343,27.4420,27.8060,0.0000,-0.0090,1,-0.3770,0.0440
2024,Italian,R,STR,Aston Martin,S1,37,26.9320,27.5140,27.5402,0.2740,27.3790,27.7420,0.0550,-0.0680,2,-0.1410,-0.0830
2024,Italian,R,NOR,McLaren,S1,43,26.9360,27.3620,27.3720,0.1823,27.2645,27.4815,0.0590,-0.2200,3,-0.1510,-0.0790
2024,Italian,R,HUL,Haas F1 Team,S1,41,27.0260,27.6390,27.5673,0.2016,27.4020,27.7240,0.1490,0.0570,4,-0.3690,0.0290
2024,Italian,R,HAM,Mercedes,S1,47,27.0540,27.4030,27.4124,0.1880,27.2945,27.5420,0.1770,-0.1790,5,-0.0140,0.0020
2024,Italian,R,RUS,Mercedes,S1,44,27.0680,27.4010,27.3838,0.1555,27.2843,27.4932,0.1910,-0.1810,6,0.0140,-0.0020
2024,Italian,R,ALO,Aston Martin,S1,44,27.0730,27.5970,27.5686,0.2040,27.4100,27.7323,0.1960,0.0150,7,0.1410,0.0830
2024,Italian,R,PIA,McLaren,S1,45,27.0870,27.4410,27.4617,0.2118,27.3660,27.6370,0.2100,-0.1410,8,0.1510,0.0790
2024,Italian,R,LEC,Ferrari,S1,48,27.1890,27.4245,27.4587,0.1446,27.3603,27.5398,0.3120,-0.1575,9,-0.1070,-0.0615
2024,Italian,R,PER,Red Bull Racing,S1,46,27.2540,27.5290,27.5468,0.1700,27.4118,27.6915,0.3770,-0.0530,10,0.3770,-0.0440
2024,Italian,R,ALB,Williams,S1,47,27.2640,27.5590,27.6184,0.1697,27.5200,27.7065,0.3870,-0.0230,11,-0.2060,-0.1570
2024,Italian,R,SAI,Ferrari,S1,47,27.2960,27.4860,27.5318,0.1405,27.4465,27.5950,0.4190,-0.0960,12,0.1070,0.0615
2024,Italian,R,BOT,Kick Sauber,S1,43,27.3320,28.0350,27.9309,0.2686,27.7285,28.0780,0.4550,0.4530,13,-0.2350,0.2325
2024,Italian,R,RIC,RB,S1,45,27.3750,27.5910,27.6164,0.1054,27.5560,27.6420,0.4980,0.0090,14,-0.2560,-0.4940
2024,Italian,R,GAS,Alpine,S1,40,27.3800,27.6345,27.6316,0.1692,27.4872,27.7725,0.5030,0.0525,15,-0.1100,-0.0505
2024,Italian,R,MAG,Haas F1 Team,S1,47,27.3950,27.6100,27.6367,0.1411,27.5345,27.7250,0.5180,0.0280,16,0.3690,-0.0290
2024,Italian,R,COL,Williams,S1,45,27.4700,27.7160,27.7204,0.1103,27.6570,27.7770,0.5930,0.1340,17,0.2060,0.1570
2024,Italian,R,OCO,Alpine,S1,43,27.4900,27.6850,27.7646,0.2051,27.6180,27.8805,0.6130,0.1030,18,0.1100,0.0505
2024,Italian,R,ZHO,Kick Sauber,S1,40,27.5670,27.8025,27.8145,0.1397,27.7013,27.8613,0.6900,0.2205,19,0.2350,-0.2325
2024,Italian,R,TSU,RB,S1,4,27.6310,28.0850,28.0568,0.4226,27.7248,28.4170,0.7540,0.5030,20,0.2560,0.4940
2024,Italian,R,HAM,Mercedes,S2,47,27.4390,28.5850,28.6678,0.5617,28.2510,29.1050,0.0000,-0.4225,1,-0.3860,-0.0580
2024,Italian,R,NOR,McLaren,S2,43,27.4920,28.4920,28.4787,0.4605,28.0450,28.9030,0.0530,-0.5155,2,-0.2330,0.0330
2024,Italian,R,VER,Red Bull Racing,S2,45,27.6140,28.5080,28.6852,0.4829,28.3880,29.1000,0.1750,-0.4995,3,-0.5060,-0.3120
2024,Italian,R,PIA,McLaren,S2,45,27.7250,28.4590,28.4178,0.4085,28.1210,28.7770,0.2860,-0.5485,4,0.2330,-0.0330
2024,Italian,R,RUS,Mercedes,S2,44,27.8250,28.6430,28.6839,0.5172,28.3008,29.0215,0.3860,-0.3645,5,0.3860,0.0580
2024,Italian,R,STR,Aston Martin,S2,37,27.9140,29.0970,29.2118,0.5929,28.8020,29.5530,0.4750,0.0895,6,-0.4130,0.1000
2024,Italian,R,PER,Red Bull Racing,S2,46,28.1200,28.8200,28.8811,0.4404,28.5527,29.2535,0.6810,-0.1875,7,0.5060,0.3120
2024,Italian,R,SAI,Ferrari,S2,47,28.2370,28.6980,28.7445,0.3732,28.4225,29.0135,0.7980,-0.3095,8,-0.0220,0.2205
2024,Italian,R,LEC,Ferrari,S2,48,28.2590,28.4775,28.5806,0.2612,28.3927,28.7477,0.8200,-0.5300,9,0.0220,-0.2205
2024,Italian,R,ALO,Aston Martin,S2,44,28.3270,28.9970,28.9203,0.4217,28.5158,29.1935,0.8880,-0.0105,10,0.4130,-0.1000
2024,Italian,R,BOT,Kick Sauber,S2,43,28.4190,29.5090,29.4045,0.4787,29.1120,29.7275,0.9800,0.5015,11,-0.6850,0.0865
2024,Italian,R,MAG,Haas F1 Team,S2,47,28.4490,29.0130,29.0222,0.3582,28.7490,29.3340,1.0100,0.0055,12,-0.0270,-0.1400
2024,Italian,R,HUL,Haas F1 Team,S2,41,28.4760,29.1530,29.1096,0.4326,28.7100,29.4020,1.0370,0.1455,13,0.0270,0.1400
2024,Italian,R,COL,Williams,S2,45,28.5600,29.0600,29.1690,0.3663,28.9070,29.3740,1.1210,0.0525,14,-0.0170,-0.0590
2024,Italian,R,GAS,Alpine,S2,40,28.5640,29.1130,29.1710,0.3793,28.8788,29.4528,1.1250,0.1055,15,-0.1690,-0.3650
2024,Italian,R,ALB,Williams,S2,47,28.5770,29.1190,29.1355,0.3208,28.9605,29.2595,1.1380,0.1115,16,0.0170,0.0590
2024,Italian,R,RIC,RB,S2,45,28.6610,29.0020,29.0699,0.2872,28.8790,29.1800,1.2220,-0.0055,17,-1.0280,-0.9545
2024,Italian,R,OCO,Alpine,S2,43,28.7330,29.4780,29.3636,0.3568,29.0370,29.5980,1.2940,0.4705,18,0.1690,0.3650
2024,Italian,R,ZHO,Kick Sauber,S2,40,29.1040,29.4225,29.4809,0.2067,29.3463,29.6107,1.6650,0.4150,19,0.6850,-0.0865
2024,Italian,R,TSU,RB,S2,4,29.6890,29.9565,30.0108,0.3328,29.7865,30.1807,2.2500,0.9490,20,1.0280,0.9545
2024,Italian,R,NOR,McLaren,S3,43,26.8040,27.5700,27.5833,0.3629,27.3310,27.9595,0.0000,-0.6107,1,-0.2280,-0.1040
2024,Italian,R,HAM,Mercedes,S3,47,27.0040,27.7220,27.7787,0.4423,27.4335,28.1770,0.2000,-0.4587,2,-0.0090,0.0330
2024,Italian,R,RUS,Mercedes,S3,44,27.0130,27.6890,27.7968,0.5179,27.3685,28.1807,0.2090,-0.4917,3,0.0090,-0.0330
2024,Italian,R,PIA,McLaren,S3,45,27.0320,27.6740,27.6378,0.3698,27.4050,27.9870,0.2280,-0.5068,4,0.2280,0.1040
2024,Italian,R,VER,Red Bull Racing,S3,45,27.1770,27.6510,27.8573,0.4654,27.5410,28.2770,0.3730,-0.5297,5,-0.1700,-0.3225
2024,Italian,R,PER,Red Bull Racing,S3,46,27.3470,27.9735,28.0206,0.4359,27.6152,28.4310,0.5430,-0.2072,6,0.1700,0.3225
2024,Italian,R,STR,Aston Martin,S3,37,27.3860,28.3450,28.3857,0.4307,28.1000,28.7040,0.5820,0.1642,7,-0.1150,0.1665
2024,Italian,R,MAG,Haas F1 Team,S3,47,27.4780,28.1830,28.2175,0.4178,27.9270,28.5050,0.6740,0.0023,8,-0.0700,-0.1350
2024,Italian,R,ALO,Aston Martin,S3,44,27.5010,28.1785,28.1452,0.4187,27.7715,28.3625,0.6970,-0.0023,9,0.1150,-0.1665
2024,Italian,R,SAI,Ferrari,S3,47,27.5030,27.7540,27.9009,0.3149,27.6300,28.2170,0.6990,-0.4267,10,-0.0890,-0.0385
2024,Italian,R,HUL,Haas F1 Team,S3,41,27.5480,28.3180,28.1534,0.3531,27.8000,28.4150,0.7440,0.1373,11,0.0700,0.1350
2024,Italian,R,LEC,Ferrari,S3,48,27.5920,27.7925,27.8981,0.2608,27.7045,28.0485,0.7880,-0.3882,12,0.0890,0.0385
2024,Italian,R,BOT,Kick Sauber,S3,43,27.6400,28.6380,28.4957,0.3354,28.2480,28.7455,0.8360,0.4573,13,-0.6520,0.0805
2024,Italian,R,COL,Williams,S3,45,27.6980,28.1710,28.3283,0.3849,28.0890,28.4590,0.8940,-0.0098,14,-0.0440,-0.2060
2024,Italian,R,ALB,Williams,S3,47,27.7420,28.3770,28.3589,0.3174,28.1060,28.6245,0.9380,0.1962,15,0.0440,0.2060
2024,Italian,R,GAS,Alpine,S3,40,27.7450,28.4250,28.3708,0.3703,28.0587,28.5963,0.9410,0.2443,16,-0.2170,-0.2260
2024,Italian,R,OCO,Alpine,S3,43,27.9620,28.6510,28.5280,0.3092,28.2385,28.7585,1.1580,0.4703,17,0.2170,0.2260
2024,Italian,R,RIC,RB,S3,45,28.0690,28.4260,28.4823,0.2551,28.3570,28.5270,1.2650,0.2452,18,-0.8090,-0.6340
2024,Italian,R,ZHO,Kick Sauber,S3,40,28.2920,28.5575,28.5908,0.2040,28.4525,28.7325,1.4880,0.3768,19,0.6520,-0.0805
2024,Italian,R,TSU,RB,S3,4,28.8780,29.0600,29.1510,0.3162,28.9920,29.2190,2.0740,0.8793,20,0.8090,0.6340
2024,Monaco,Q,RUS,Mercedes,S1,7,18.2440,18.6110,18.6067,0.2549,18.4385,18.7585,0.0000,-0.1605,1,-0.1280,-0.0190
2024,Monaco,Q,VER,Red Bull Racing,S1,8,18.2550,18.5025,18.4709,0.1548,18.3370,18.5873,0.0110,-0.2690,2,-0.5750,-0.5115
2024,Monaco,Q,PIA,McLaren,S1,8,18.3030,18.6395,18.6552,0.2305,18.5108,18.7963,0.0590,-0.1320,3,-0.1290,-0.0765
2024,Monaco,Q,HAM,Mercedes,S1,8,18.3720,18.6300,18.6261,0.2224,18.4610,18.7005,0.1280,-0.1415,4,0.1280,0.0190
2024,Monaco,Q,LEC,Ferrari,S1,8,18.3860,18.5500,18.5622,0.1357,18.4695,18.6235,0.1420,-0.2215,5,-0.1080,-0.1175
2024,Monaco,Q,NOR,McLaren,S1,9,18.4320,18.7160,18.7748,0.3208,18.5700,18.8850,0.1880,-0.0555,6,0.1290,0.0765
2024,Monaco,Q,GAS,Alpine,S1,8,18.4810,18.6685,18.7465,0.2183,18.6110,18.9495,0.2370,-0.1030,7,-0.2200,-0.1795
2024,Monaco,Q,ALB,Williams,S1,9,18.4870,18.7180,18.7207,0.1472,18.6350,18.7650,0.2430,-0.0535,8,-0.3130,-0.2130
2024,Monaco,Q,SAI,Ferrari,S1,8,18.4940,18.6675,18.6841,0.1600,18.5960,18.7207,0.2500,-0.1040,9,0.1080,0.1175
2024,Monaco,Q,STR,Aston Martin,S1,5,18.5420,18.6950,18.7492,0.1625,18.6870,18.8690,0.2980,-0.0765,10,-0.2420,-0.1300
2024,Monaco,Q,TSU,RB,S1,9,18.5950,18.8250,18.8276,0.1742,18.7110,18.9710,0.3510,0.0535,11,-0.1750,-0.1500
2024,Monaco,Q,MAG,Haas F1 Team,S1,6,18.6580,18.8265,18.8213,0.1327,18.7270,18.8848,0.4140,0.0550,12,-0.0120,-0.0765
2024,Monaco,Q,HUL,Haas F1 Team,S1,5,18.6700,18.9030,18.8740,0.1194,18.8790,18.9510,0.4260,0.1315,13,0.0120,0.0765
2024,Monaco,Q,OCO,Alpine,S1,5,18.7010,18.8480,18.8494,0.1353,18.7610,18.8820,0.4570,0.0765,14,0.2200,0.1795
2024,Monaco,Q,RIC,RB,S1,5,18.7700,18.9750,18.9778,0.1636,18.8950,19.0410,0.5260,0.2035,15,0.1750,0.1500
2024,Monaco,Q,ALO,Aston Martin,S1,2,18.7840,18.8250,18.8250,0.0580,18.8045,18.8455,0.5400,0.0535,16,0.2420,0.1300
2024,Monaco,Q,SAR,Williams,S1,4,18.8000,18.9310,18.9603,0.1698,18.8420,19.0493,0.5560,0.1595,17,0.3130,0.2130
2024,Monaco,Q,PER,Red Bull Racing,S1,5,18.8300,19.0140,19.1148,0.3192,18.8310,19.3730,0.5860,0.2425,18,0.5750,0.5115
2024,Monaco,Q,BOT,Kick Sauber,S1,4,19.0520,19.2810,19.3253,0.3027,19.0880,19.5183,0.8080,0.5095,19,-0.3350,-0.2535
2024,Monaco,Q,ZHO,Kick Sauber,S1,4,19.3870,19.5345,19.5598,0.1936,19.4035,19.6908,1.1430,0.7630,20,0.3350,0.2535
2024,Monaco,Q,PIA,McLaren,S2,8,33.1560,33.5170,33.5643,0.3281,33.3578,33.7135,0.0000,-0.3170,1,-0.1840,-0.2760
2024,Monaco,Q,LEC,Ferrari,S2,8,33.1740,33.5570,33.5950,0.3887,33.3762,33.6818,0.0180,-0.2770,2,-0.0670,-0.0240
2024,Monaco,Q,SAI,Ferrari,S2,8,33.2410,33.5810,33.6265,0.2906,33.4963,33.7152,0.0850,-0.2530,3,0.0670,0.0240
2024,Monaco,Q,NOR,McLaren,S2,9,33.3400,33.7930,33.8724,0.4998,33.4730,34.1840,0.1840,-0.0410,4,0.1840,0.2760
2024,Monaco,Q,GAS,Alpine,S2,8,33.4010,33.6415,33.7137,0.2841,33.5580,33.8252,0.2450,-0.1925,5,-0.1380,-0.1685
2024,Monaco,Q,VER,Red Bull Racing,S2,8,33.4240,33.8580,33.8154,0.2700,33.6303,33.9963,0.2680,0.0240,6,-0.5240,-0.5050
2024,Monaco,Q,HAM,Mercedes,S2,8,33.4390,33.7165,33.7885,0.3479,33.5733,33.8785,0.2830,-0.1175,7,-0.0230,-0.0225
2024,Monaco,Q,RUS,Mercedes,S2,7,33.4620,33.7390,33.8529,0.4193,33.5230,34.0510,0.3060,-0.0950,8,0.0230,0.0225
2024,Monaco,Q,TSU,RB,S2,9,33.4700,33.6900,33.7677,0.3071,33.5510,33.8680,0.3140,-0.1440,9,-0.2350,-0.1110
2024,Monaco,Q,OCO,Alpine,S2,5,33.5390,33.8100,33.8820,0.2515,33.8020,34.1040,0.3830,-0.0240,10,0.1380,0.1685
2024,Monaco,Q,ALB,Williams,S2,9,33.5970,33.9250,33.9951,0.3241,33.8330,34.0520,0.4410,0.0910,11,-0.4710,-0.3370
2024,Monaco,Q,HUL,Haas F1 Team,S2,5,33.6310,33.9220,33.9168,0.1932,33.8470,34.0660,0.4750,0.0880,12,-0.1810,-0.0140
2024,Monaco,Q,RIC,RB,S2,5,33.7050,33.8010,33.8470,0.2090,33.7080,33.8110,0.5490,-0.0330,13,0.2350,0.1110
2024,Monaco,Q,STR,Aston Martin,S2,5,33.7730,34.0430,34.0170,0.2563,33.7740,34.1110,0.6170,0.2090,14,-0.2300,0.0185
2024,Monaco,Q,MAG,Haas F1 Team,S2,6,33.8120,33.9360,33.9582,0.1514,33.8625,33.9765,0.6560,0.1020,15,0.1810,0.0140
2024,Monaco,Q,PER,Red Bull Racing,S2,5,33.9480,34.3630,34.3042,0.3283,33.9930,34.5120,0.7920,0.5290,16,0.5240,0.5050
2024,Monaco,Q,ALO,Aston Martin,S2,2,34.0030,34.0245,34.0245,0.0304,34.0138,34.0352,0.8470,0.1905,17,0.2300,-0.0185
2024,Monaco,Q,BOT,Kick Sauber,S2,4,34.0080,34.4865,34.4150,0.3026,34.2765,34.6250,0.8520,0.6525,18,-0.1640,-0.0070
2024,Monaco,Q,SAR,Williams,S2,4,34.0680,34.2620,34.2905,0.2520,34.0823,34.4703,0.9120,0.4280,19,0.4710,0.3370
2024,Monaco,Q,ZHO,Kick Sauber,S2,4,34.1720,34.4935,34.6235,0.5303,34.2455,34.8715,1.0160,0.6595,20,0.1640,0.0070
2024,Monaco,Q,LEC,Ferrari,S3,8,18.7100,19.0400,19.0012,0.1875,18.8775,19.1065,0.0000,-0.1868,1,-0.0730,0.0870
2024,Monaco,Q,NOR,McLaren,S3,9,18.7360,19.0120,19.1138,0.3097,18.8970,19.2980,0.0260,-0.2148,2,-0.0050,-0.1505
2024,Monaco,Q,PIA,McLaren,S3,8,18.7410,19.1625,19.1706,0.3428,18.9365,19.3850,0.0310,-0.0643,3,0.0050,0.1505
2024,Monaco,Q,SAI,Ferrari,S3,8,18.7830,18.9530,18.9892,0.1832,18.8462,19.1205,0.0730,-0.2737,4,0.0730,-0.0870
2024,Monaco,Q,TSU,RB,S3,9,18.7930,19.1680,19.2284,0.2918,18.9950,19.4250,0.0830,-0.0588,5,-0.2140,-0.0440
2024,Monaco,Q,HAM,Mercedes,S3,8,18.8100,19.0045,19.0431,0.1719,18.9625,19.0955,0.1000,-0.2223,6,-0.0270,-0.1625
2024,Monaco,Q,RUS,Mercedes,S3,7,18.8370,19.1670,19.1620,0.2744,18.9620,19.2935,0.1270,-0.0598,7,0.0270,0.1625
2024,Monaco,Q,ALB,Williams,S3,9,18.8640,19.0350,19.0389,0.1086,18.9990,19.0650,0.1540,-0.1918,8,-0.2870,-0.2175
2024,Monaco,Q,VER,Red Bull Racing,S3,8,18.8880,19.0615,19.1156,0.1961,18.9607,19.2795,0.1780,-0.1653,9,-0.3480,-0.2595
2024,Monaco,Q,GAS,Alpine,S3,8,18.9620,19.3280,19.3027,0.2595,19.0695,19.4548,0.2520,0.1012,10,-0.0830,0.0800
2024,Monaco,Q,RIC,RB,S3,5,19.0070,19.2120,19.2334,0.1593,19.1820,19.3480,0.2970,-0.0148,11,0.2140,0.0440
2024,Monaco,Q,OCO,Alpine,S3,5,19.0450,19.2480,19.2314,0.1209,19.1930,19.3240,0.3350,0.0212,12,0.0830,-0.0800
2024,Monaco,Q,MAG,Haas F1 Team,S3,6,19.0930,19.2415,19.2778,0.1810,19.1625,19.3325,0.3830,0.0147,13,-0.0460,-0.0375
2024,Monaco,Q,STR,Aston Martin,S3,5,19.1020,19.3030,19.2882,0.1426,19.2200,19.3270,0.3920,0.0762,14,-0.1470,0.0500
2024,Monaco,Q,HUL,Haas F1 Team,S3,5,19.1390,19.2790,19.2534,0.0911,19.1780,19.3240,0.4290,0.0522,15,0.0460,0.0375
2024,Monaco,Q,SAR,Williams,S3,4,19.1510,19.2525,19.2760,0.1489,19.1517,19.3768,0.4410,0.0257,16,0.2870,0.2175
2024,Monaco,Q,PER,Red Bull Racing,S3,5,19.2360,19.3210,19.4140,0.2076,19.2890,19.4740,0.5260,0.0942,17,0.3480,0.2595
2024,Monaco,Q,ALO,Aston Martin,S3,2,19.2490,19.2530,19.2530,0.0057,19.2510,19.2550,0.5390,0.0262,18,0.1470,-0.0500
2024,Monaco,Q,BOT,Kick Sauber,S3,4,19.3230,19.4870,19.4780,0.1375,19.3837,19.5813,0.6130,0.2602,19,-0.1460,-0.1840
2024,Monaco,Q,ZHO,Kick Sauber,S3,4,19.4690,19.6710,19.6913,0.2164,19.5433,19.8190,0.7590,0.4442,20,0.1460,0.1840
2024,Monaco,R,VER,Red Bull Racing,S1,52,19.3430,20.7220,20.3696,0.6458,19.6752,20.9200,0.0000,-0.0870,1,,
2024,Monaco,R,HAM,Mercedes,S1,47,19.4850,20.5830,20.3934,0.5649,19.8495,20.9230,0.1420,-0.2260,2,-0.0990,-0.3280
2024,Monaco,R,TSU,RB,S1,29,19.5030,20.6450,20.5629,0.5313,20.2730,20.9670,0.1600,-0.1640,3,-0.6250,-0.5660
2024,Monaco,R,SAI,Ferrari,S1,61,19.5300,20.4260,20.3930,0.4073,20.1490,20.6380,0.1870,-0.3830,4,-0.1860,-0.0030
2024,Monaco,R,RUS,Mercedes,S1,64,19.5840,20.9110,20.6906,0.5921,20.1825,21.1415,0.2410,0.1020,5,0.0990,0.3280
2024,Monaco,R,SAR,Williams,S1,30,19.6710,20.9055,20.5290,0.6242,19.8765,21.0442,0.3280,0.0965,6,-0.6930,-0.2150
2024,Monaco,R,LEC,Ferrari,S1,67,19.7160,20.4290,20.4124,0.3490,20.1240,20.6250,0.3730,-0.3800,7,0.1860,0.0030
2024,Monaco,R,ZHO,Kick Sauber,S1,12,19.7510,20.7640,20.6328,0.3915,20.6333,20.8205,0.4080,-0.0450,8,-0.3980,-0.1700
2024,Monaco,R,PIA,McLaren,S1,72,19.7980,20.4540,20.4584,0.4372,20.1053,20.6418,0.4550,-0.3550,9,-0.0130,-0.0900
2024,Monaco,R,NOR,McLaren,S1,70,19.8110,20.5440,20.4860,0.3961,20.1648,20.6810,0.4680,-0.2650,10,0.0130,0.0900
2024,Monaco,R,STR,Aston Martin,S1,59,19.8910,20.8540,20.8526,0.4720,20.4735,21.2165,0.5480,0.0450,11,-0.3880,-0.2000
2024,Monaco,R,GAS,Alpine,S1,50,19.9780,20.9480,20.9050,0.3153,20.6967,21.0827,0.6350,0.1390,12,,
2024,Monaco,R,RIC,RB,S1,66,20.1280,21.2110,21.1350,0.4565,20.7252,21.5063,0.7850,0.4020,13,0.6250,0.5660
2024,Monaco,R,BOT,Kick Sauber,S1,59,20.1490,20.9340,20.9533,0.3996,20.6290,21.2885,0.8060,0.1250,14,0.3980,0.1700
2024,Monaco,R,ALO,Aston Martin,S1,68,20.2790,21.0540,21.0736,0.4856,20.6532,21.4602,0.9360,0.2450,15,0.3880,0.2000
2024,Monaco,R,ALB,Williams,S1,68,20.3640,21.1205,21.1140,0.3626,20.8305,21.3682,1.0210,0.3115,16,0.6930,0.2150
2024,Monaco,R,HAM,Mercedes,S2,47,34.8420,36.1100,36.0654,0.6186,35.5350,36.6150,0.0000,-0.8038,1,-0.5660,-0.4515
2024,Monaco,R,ZHO,Kick Sauber,S2,12,34.9900,36.8360,36.6849,0.8332,36.6298,37.2422,0.1480,-0.0778,2,-0.8940,-0.7730
2024,Monaco,R,TSU,RB,S2,29,35.2330,36.8980,36.6754,0.6722,36.5460,37.1200,0.3910,-0.0158,3,-1.0090,-0.8575
2024,Monaco,R,SAI,Ferrari,S2,61,35.2660,36.8410,36.7190,0.5650,36.4300,37.0900,0.4240,-0.0728,4,-0.2350,0.0860
2024,Monaco,R,GAS,Alpine,S2,50,35.3270,37.2600,37.1179,0.5455,36.8212,37.4522,0.4850,0.3462,5,,
2024,Monaco,R,VER,Red Bull Racing,S2,52,35.3690,36.6070,36.3998,0.6181,35.7800,36.8530,0.5270,-0.3068,6,,
2024,Monaco,R,RUS,Mercedes,S2,64,35.4080,36.5615,36.4761,0.6468,35.8485,36.8725,0.5660,-0.3523,7,0.5660,0.4515
2024,Monaco,R,LEC,Ferrari,S2,67,35.5010,36.7550,36.6934,0.6114,36.2260,37.0600,0.6590,-0.1588,8,0.2350,-0.0860
2024,Monaco,R,SAR,Williams,S2,30,35.5560,37.4460,36.9143,0.9275,35.9617,37.7195,0.7140,0.5322,9,-0.6400,-0.0425
2024,Monaco,R,NOR,McLaren,S2,70,35.8370,36.8940,36.8836,0.5400,36.5135,37.2108,0.9950,-0.0198,10,-0.1810,-0.0355
2024,Monaco,R,BOT,Kick Sauber,S2,59,35.8840,37.6090,37.5576,0.6833,37.0930,37.9675,1.0420,0.6952,11,0.8940,0.7730
2024,Monaco,R,STR,Aston Martin,S2,59,35.8900,37.1120,37.2682,0.6129,36.9540,37.7630,1.0480,0.1982,12,-0.7690,-0.6185
2024,Monaco,R,PIA,McLaren,S2,72,36.0180,36.9295,36.9043,0.5350,36.4550,37.1662,1.1760,0.0157,13,0.1810,0.0355
2024,Monaco,R,ALB,Williams,S2,68,36.1960,37.4885,37.4427,0.6092,36.9727,37.9217,1.3540,0.5747,14,0.6400,0.0425
2024,Monaco,R,RIC,RB,S2,66,36.2420,37.7555,37.5831,0.5558,37.0613,38.0310,1.4000,0.8417,15,1.0090,0.8575
2024,Monaco,R,ALO,Aston Martin,S2,68,36.6590,37.7305,37.6670,0.5261,37.1825,38.0360,1.8170,0.8167,16,0.7690,0.6185
2024,Monaco,R,HAM,Mercedes,S3,47,19.7000,20.6050,20.5591,0.4631,20.1505,20.9485,0.0000,-0.5440,1,-0.4620,-0.2470
2024,Monaco,R,VER,Red Bull Racing,S3,52,19.8360,20.8010,20.6458,0.4565,20.2005,20.9680,0.1360,-0.3480,2,,
2024,Monaco,R,SAI,Ferrari,S3,61,19.8490,20.8680,20.8377,0.4059,20.5050,21.1560,0.1490,-0.2810,3,-0.0930,-0.1570
2024,Monaco,R,LEC,Ferrari,S3,67,19.9420,21.0250,20.9478,0.4078,20.6570,21.2160,0.2420,-0.1240,4,0.0930,0.1570
2024,Monaco,R,ZHO,Kick Sauber,S3,12,19.9770,21.2170,21.0084,0.4588,20.9873,21.2497,0.2770,0.0680,5,-0.3100,-0.1300
2024,Monaco,R,TSU,RB,S3,29,19.9840,21.0810,20.9649,0.4470,20.6920,21.3260,0.2840,-0.0680,6,-0.6710,-0.4845
2024,Monaco,R,NOR,McLaren,S3,70,20.0120,20.9920,20.9393,0.4513,20.5968,21.2553,0.3120,-0.1570,7,-0.3670,-0.0470
2024,Monaco,R,SAR,Williams,S3,30,20.1010,21.2750,21.0410,0.6776,20.4005,21.6655,0.4010,0.1260,8,-0.3990,0.0340
2024,Monaco,R,RUS,Mercedes,S3,64,20.1620,20.8520,20.8193,0.3757,20.4820,21.1692,0.4620,-0.2970,9,0.4620,0.2470
2024,Monaco,R,BOT,Kick Sauber,S3,59,20.2870,21.3470,21.3278,0.5075,20.9170,21.7060,0.5870,0.1980,10,0.3100,0.1300
2024,Monaco,R,GAS,Alpine,S3,50,20.3200,21.4000,21.3714,0.2941,21.2600,21.5945,0.6200,0.2510,11,,
2024,Monaco,R,PIA,McLaren,S3,72,20.3790,21.0390,20.9838,0.3658,20.6668,21.2300,0.6790,-0.1100,12,0.3670,0.0470
2024,Monaco,R,ALB,Williams,S3,68,20.5000,21.2410,21.2424,0.3726,21.0248,21.4685,0.8000,0.0920,13,0.3990,-0.0340
2024,Monaco,R,STR,Aston Martin,S3,59,20.6170,21.3710,21.3799,0.4115,21.0490,21.7705,0.9170,0.2220,14,-0.2130,-0.1250
2024,Monaco,R,RIC,RB,S3,66,20.6550,21.5655,21.4499,0.4054,21.0793,21.7392,0.9550,0.4165,15,0.6710,0.4845
2024,Monaco,R,ALO,Aston Martin,S3,68,20.8300,21.4960,21.4799,0.3859,21.1573,21.7850,1.1300,0.3470,16,0.2130,0.1250
