Year,Event,Driver,Team,Sector,DeltaBest_Q,DeltaBest_R,DeltaMedian_Q,DeltaMedian_R,RankBest_Q,RankBest_R
2024,Bahrain,ALB,Williams,S1,0.3490,0.8660,-0.1365,0.1475,12.0000,18.0000
2024,Bahrain,ALB,Williams,S2,0.6910,1.5560,-0.0025,0.4940,13.0000,17.0000
2024,Bahrain,ALB,Williams,S3,0.2900,0.5180,0.0338,0.2453,11.0000,12.0000
2024,Bahrain,ALO,Aston Martin,S1,0.3210,0.3050,-0.1035,0.0500,8.0000,2.0000
2024,Bahrain,ALO,Aston Martin,S2,0.1770,0.8670,-0.2245,0.1560,3.0000,4.0000
2024,Bahrain,ALO,Aston Martin,S3,0.1110,0.3140,-0.1893,0.0312,6.0000,4.0000
2024,Bahrain,BOT,Kick Sauber,S1,0.5540,0.7600,0.1020,0.1285,17.0000,16.0000
2024,Bahrain,BOT,Kick Sauber,S2,0.9660,1.6420,0.2610,0.3735,19.0000,19.0000
2024,Bahrain,BOT,Kick Sauber,S3,0.4050,0.7180,0.1162,0.1938,17.0000,19.0000
2024,Bahrain,GAS,Alpine,S1,0.6390,0.7680,0.2890,0.2095,19.0000,17.0000
2024,Bahrain,GAS,Alpine,S2,0.7980,0.9970,0.1095,0.3090,15.0000,6.0000
2024,Bahrain,GAS,Alpine,S3,0.5660,0.4320,0.2787,0.2548,20.0000,9.0000
2024,Bahrain,HAM,Mercedes,S1,0.2940,0.3190,0.0215,-0.1155,6.0000,3.0000
2024,Bahrain,HAM,Mercedes,S2,0.3630,1.2000,-0.0425,-0.1050,9.0000,10.0000
2024,Bahrain,HAM,Mercedes,S3,0.1060,0.3720,-0.0998,-0.1957,5.0000,8.0000
2024,Bahrain,HUL,Haas F1 Team,S1,0.3250,0.3890,0.0080,-0.0875,9.0000,6.0000
2024,Bahrain,HUL,Haas F1 Team,S2,0.5770,1.2290,0.0860,-0.0315,11.0000,11.0000
2024,Bahrain,HUL,Haas F1 Team,S3,0.1180,0.5360,-0.0282,0.0398,8.0000,13.0000
2024,Bahrain,LEC,Ferrari,S1,0.2530,0.3220,-0.1395,-0.0645,4.0000,4.0000
2024,Bahrain,LEC,Ferrari,S2,0.0000,0.7340,-0.4605,-0.2060,1.0000,2.0000
2024,Bahrain,LEC,Ferrari,S3,0.0000,0.3290,-0.2613,-0.1623,1.0000,5.0000
2024,Bahrain,MAG,Haas F1 Team,S1,0.3750,0.4860,-0.0420,0.0610,13.0000,9.0000
2024,Bahrain,MAG,Haas F1 Team,S2,0.8930,1.4930,0.1595,0.3995,18.0000,15.0000
2024,Bahrain,MAG,Haas F1 Team,S3,0.3940,0.6780,0.0328,0.3043,14.0000,18.0000
2024,Bahrain,NOR,McLaren,S1,0.3270,0.5770,-0.0080,-0.0575,10.0000,13.0000
2024,Bahrain,NOR,McLaren,S2,0.1480,0.9220,-0.3630,-0.2570,2.0000,5.0000
2024,Bahrain,NOR,McLaren,S3,0.0990,0.3670,-0.1873,-0.0737,4.0000,7.0000
2024,Bahrain,OCO,Alpine,S1,0.6330,1.1570,0.3875,0.2765,18.0000,20.0000
2024,Bahrain,OCO,Alpine,S2,0.8750,1.6330,0.1925,0.2755,16.0000,18.0000
2024,Bahrain,OCO,Alpine,S3,0.4540,0.7960,0.2437,0.1418,19.0000,20.0000
2024,Bahrain,PER,Red Bull Racing,S1,0.2290,0.3220,-0.1855,-0.1905,3.0000,4.0000
2024,Bahrain,PER,Red Bull Racing,S2,0.2640,0.8560,-0.1515,-0.4590,6.0000,3.0000
2024,Bahrain,PER,Red Bull Racing,S3,0.1470,0.2000,-0.0892,-0.2192,9.0000,3.0000
2024,Bahrain,PIA,McLaren,S1,0.3920,0.4550,0.1195,0.0045,15.0000,7.0000
2024,Bahrain,PIA,McLaren,S2,0.2840,1.1390,-0.0190,-0.2175,7.0000,9.0000
2024,Bahrain,PIA,McLaren,S3,0.1760,0.5000,-0.0633,-0.0312,10.0000,11.0000
2024,Bahrain,RIC,RB,S1,0.3750,0.6330,0.0715,0.0825,13.0000,14.0000
2024,Bahrain,RIC,RB,S2,0.7430,1.3100,0.0025,0.4785,14.0000,14.0000
2024,Bahrain,RIC,RB,S3,0.3290,0.5640,0.0508,0.3298,13.0000,15.0000
2024,Bahrain,RUS,Mercedes,S1,0.2910,0.5450,-0.0485,-0.1200,5.0000,11.0000
2024,Bahrain,RUS,Mercedes,S2,0.3620,1.2800,-0.1945,-0.1065,8.0000,13.0000
2024,Bahrain,RUS,Mercedes,S3,0.0010,0.3510,-0.2722,-0.2472,2.0000,6.0000
2024,Bahrain,SAI,Ferrari,S1,0.3410,0.4610,-0.1125,-0.2010,11.0000,8.0000
2024,Bahrain,SAI,Ferrari,S2,0.2390,1.0550,-0.4005,-0.2970,5.0000,8.0000
2024,Bahrain,SAI,Ferrari,S3,0.0740,0.1890,-0.2712,-0.3322,3.0000,2.0000
2024,Bahrain,SAR,Williams,S1,0.4820,0.5750,0.0800,-0.0505,16.0000,12.0000
2024,Bahrain,SAR,Williams,S2,1.0600,1.0500,0.3585,0.0315,20.0000,7.0000
2024,Bahrain,SAR,Williams,S3,0.3970,0.4340,0.0732,-0.0422,16.0000,10.0000
2024,Bahrain,STR,Aston Martin,S1,0.1410,0.5070,-0.1230,-0.0045,2.0000,10.0000
2024,Bahrain,STR,Aston Martin,S2,0.5500,1.6930,0.1120,-0.0315,10.0000,20.0000
2024,Bahrain,STR,Aston Martin,S3,0.4310,0.5450,0.0963,-0.1252,18.0000,14.0000
2024,Bahrain,TSU,RB,S1,0.3120,0.7390,0.0450,0.1235,7.0000,15.0000
2024,Bahrain,TSU,RB,S2,0.6680,1.5540,0.0665,0.2685,12.0000,16.0000
2024,Bahrain,TSU,RB,S3,0.3180,0.6750,0.0963,0.1508,12.0000,17.0000
2024,Bahrain,VER,Red Bull Racing,S1,0.0000,0.0000,-0.3165,-0.2915,1.0000,1.0000
2024,Bahrain,VER,Red Bull Racing,S2,0.2100,0.0000,-0.4175,-0.7990,4.0000,1.0000
2024,Bahrain,VER,Red Bull Racing,S3,0.1110,0.0000,-0.1522,-0.2767,6.0000,1.0000
2024,Bahrain,ZHO,Kick Sauber,S1,0.6450,0.8710,0.2070,0.1330,20.0000,19.0000
2024,Bahrain,ZHO,Kick Sauber,S2,0.8850,1.2740,0.2435,0.0900,17.0000,12.0000
2024,Bahrain,ZHO,Kick Sauber,S3,0.3950,0.6430,0.0282,0.0568,15.0000,16.0000
2024,British,ALB,Williams,S1,0.1180,0.0940,-0.0245,0.0795,5.0000,2.0000
2024,British,ALB,Williams,S2,0.3660,0.5950,-0.3580,0.0000,7.0000,10.0000
2024,British,ALB,Williams,S3,0.3420,0.4320,-0.1517,0.0790,10.0000,6.0000
2024,British,ALO,Aston Martin,S1,0.2270,0.1440,-0.1065,-0.0025,10.0000,3.0000
2024,British,ALO,Aston Martin,S2,0.4070,0.5030,-0.2775,0.0000,9.0000,7.0000
2024,British,ALO,Aston Martin,S3,0.3360,0.6060,-0.1273,0.0260,9.0000,11.0000
2024,British,BOT,Kick Sauber,S1,1.2630,0.6900,0.8505,0.2815,16.0000,18.0000
2024,British,BOT,Kick Sauber,S2,3.0440,1.3310,2.1840,0.4850,17.0000,19.0000
2024,British,BOT,Kick Sauber,S3,2.4350,1.0400,1.8253,0.3550,16.0000,18.0000
2024,British,GAS,Alpine,S1,3.5680,,3.2370,,20.0000,
2024,British,GAS,Alpine,S2,5.9980,,5.4325,,20.0000,
2024,British,GAS,Alpine,S3,4.3860,,3.9258,,19.0000,
2024,British,HAM,Mercedes,S1,0.0320,0.3340,0.0195,-0.1340,3.0000,9.0000
2024,British,HAM,Mercedes,S2,0.1100,0.3550,-0.2470,-0.5665,4.0000,5.0000
2024,British,HAM,Mercedes,S3,0.0870,0.3520,-0.2302,-0.3885,2.0000,5.0000
2024,British,HUL,Haas F1 Team,S1,0.0000,0.3460,-0.2395,-0.0265,1.0000,11.0000
2024,British,HUL,Haas F1 Team,S2,0.2750,0.5660,-0.2950,0.1070,6.0000,9.0000
2024,British,HUL,Haas F1 Team,S3,0.1670,0.6490,-0.2357,0.0140,4.0000,13.0000
2024,British,LEC,Ferrari,S1,0.2310,0.3800,0.2715,0.0715,12.0000,12.0000
2024,British,LEC,Ferrari,S2,0.6520,0.5150,0.4160,-0.0590,12.0000,8.0000
2024,British,LEC,Ferrari,S3,0.5250,0.5490,0.3203,-0.0490,12.0000,9.0000
2024,British,MAG,Haas F1 Team,S1,1.7010,0.3830,1.9540,0.1240,17.0000,13.0000
2024,British,MAG,Haas F1 Team,S2,2.9380,0.9410,3.1360,0.1585,16.0000,15.0000
2024,British,MAG,Haas F1 Team,S3,2.5770,0.6430,2.6938,0.0745,18.0000,12.0000
2024,British,NOR,McLaren,S1,0.1390,0.2360,-0.1855,-0.1125,7.0000,5.0000
2024,British,NOR,McLaren,S2,0.0590,0.2920,-0.5550,-0.5720,2.0000,4.0000
2024,British,NOR,McLaren,S3,0.1430,0.4600,-0.2718,-0.4210,3.0000,7.0000
2024,British,OCO,Alpine,S1,1.8660,0.5890,2.3695,0.2700,18.0000,15.0000
2024,British,OCO,Alpine,S2,3.6930,0.7990,4.4130,0.4990,18.0000,12.0000
2024,British,OCO,Alpine,S3,2.4540,1.0580,3.6333,0.2165,17.0000,19.0000
2024,British,PER,Red Bull Racing,S1,3.2330,0.3990,2.8205,-0.0645,19.0000,14.0000
2024,British,PER,Red Bull Racing,S2,4.9740,0.3870,4.1140,0.2430,19.0000,6.0000
2024,British,PER,Red Bull Racing,S3,4.4520,0.5460,3.8422,-0.0340,20.0000,8.0000
2024,British,PIA,McLaren,S1,0.1570,0.3030,-0.1205,-0.1835,9.0000,8.0000
2024,British,PIA,McLaren,S2,0.1930,0.1130,-0.4410,-0.5450,5.0000,3.0000
2024,British,PIA,McLaren,S3,0.1980,0.1940,-0.0978,-0.3100,6.0000,4.0000
2024,British,RIC,RB,S1,0.4520,0.5900,0.1195,0.1465,15.0000,16.0000
2024,British,RIC,RB,S2,1.0860,1.0410,0.6010,0.2580,15.0000,17.0000
2024,British,RIC,RB,S3,0.6420,0.9460,0.3843,0.0730,13.0000,16.0000
2024,British,RUS,Mercedes,S1,0.1080,0.7490,-0.0315,0.0000,4.0000,19.0000
2024,British,RUS,Mercedes,S2,0.0000,1.2030,-0.2810,-0.4595,1.0000,18.0000
2024,British,RUS,Mercedes,S3,0.0000,0.9380,-0.2888,-0.1760,1.0000,15.0000
2024,British,SAI,Ferrari,S1,0.1230,0.0000,-0.1035,-0.0535,6.0000,1.0000
2024,British,SAI,Ferrari,S2,0.3830,0.0280,-0.3280,-0.1110,8.0000,2.0000
2024,British,SAI,Ferrari,S3,0.2430,0.1450,-0.2087,-0.2040,7.0000,2.0000
2024,British,SAR,Williams,S1,0.3650,0.2600,0.1175,0.2325,13.0000,7.0000
2024,British,SAR,Williams,S2,0.6210,0.8540,0.1640,0.2230,11.0000,14.0000
2024,British,SAR,Williams,S3,0.5000,0.1600,0.0977,-0.0950,11.0000,3.0000
2024,British,STR,Aston Martin,S1,0.0060,0.1840,-0.1745,-0.0075,2.0000,4.0000
2024,British,STR,Aston Martin,S2,0.4330,0.6300,-0.1640,-0.0100,10.0000,11.0000
2024,British,STR,Aston Martin,S3,0.2470,0.5910,-0.1528,0.0000,8.0000,10.0000
2024,British,TSU,RB,S1,0.2290,0.3430,-0.0195,-0.0075,11.0000,10.0000
2024,British,TSU,RB,S2,0.6550,0.8130,0.6105,0.1540,13.0000,13.0000
2024,British,TSU,RB,S3,0.6960,0.8750,0.4282,0.0410,14.0000,14.0000
2024,British,VER,Red Bull Racing,S1,0.1500,0.2570,-0.1605,0.0300,8.0000,6.0000
2024,British,VER,Red Bull Racing,S2,0.0790,0.0000,-0.2910,-0.4205,3.0000,1.0000
2024,British,VER,Red Bull Racing,S3,0.1850,0.0000,-0.3027,-0.1795,5.0000,1.0000
2024,British,ZHO,Kick Sauber,S1,0.3660,0.6130,0.0195,0.1075,14.0000,17.0000
2024,British,ZHO,Kick Sauber,S2,0.9940,1.0340,0.3380,0.0660,14.0000,16.0000
2024,British,ZHO,Kick Sauber,S3,0.7120,0.9790,0.2572,0.1070,15.0000,17.0000
2024,Italian,ALB,Williams,S1,0.1720,0.3870,0.0032,-0.0230,8.0000,11.0000
2024,Italian,ALB,Williams,S2,0.4920,1.1380,0.0140,0.1115,9.0000,16.0000
2024,Italian,ALB,Williams,S3,0.5160,0.9380,-0.0335,0.1962,10.0000,15.0000
2024,Italian,ALO,Aston Martin,S1,0.2010,0.1960,-0.0272,0.0150,11.0000,7.0000
2024,Italian,ALO,Aston Martin,S2,0.5520,0.8880,-0.0345,-0.0105,12.0000,10.0000
2024,Italian,ALO,Aston Martin,S3,0.5740,0.6970,0.0245,-0.0023,11.0000,9.0000
2024,Italian,BOT,Kick Sauber,S1,0.4830,0.4550,0.2157,0.4530,19.0000,13.0000
2024,Italian,BOT,Kick Sauber,S2,0.8670,0.9800,0.2685,0.5015,19.0000,11.0000
2024,Italian,BOT,Kick Sauber,S3,0.6960,0.8360,0.0885,0.4573,14.0000,13.0000
2024,Italian,COL,Williams,S1,0.3900,0.5930,0.1227,0.1340,17.0000,17.0000
2024,Italian,COL,Williams,S2,0.8410,1.1210,0.2425,0.0525,18.0000,14.0000
2024,Italian,COL,Williams,S3,0.7750,0.8940,0.1675,-0.0098,16.0000,14.0000
2024,Italian,GAS,Alpine,S1,0.2500,0.5030,0.0727,0.0525,14.0000,15.0000
2024,Italian,GAS,Alpine,S2,0.6840,1.1250,0.1865,0.1055,15.0000,15.0000
2024,Italian,GAS,Alpine,S3,0.6580,0.9410,0.0515,0.2443,12.0000,16.0000
2024,Italian,HAM,Mercedes,S1,0.1580,0.1770,-0.0682,-0.1790,6.0000,5.0000
2024,Italian,HAM,Mercedes,S2,0.0930,0.0000,-0.3225,-0.4225,4.0000,1.0000
2024,Italian,HAM,Mercedes,S3,0.1260,0.2000,-0.4055,-0.4587,4.0000,2.0000
2024,Italian,HUL,Haas F1 Team,S1,0.1180,0.1490,-0.0113,0.0570,3.0000,4.0000
2024,Italian,HUL,Haas F1 Team,S2,0.4950,1.0370,-0.0025,0.1455,10.0000,13.0000
2024,Italian,HUL,Haas F1 Team,S3,0.5100,0.7440,-0.0245,0.1373,9.0000,11.0000
2024,Italian,LEC,Ferrari,S1,0.1500,0.3120,-0.0152,-0.1575,5.0000,9.0000
2024,Italian,LEC,Ferrari,S2,0.1530,0.8200,-0.2365,-0.5300,5.0000,9.0000
2024,Italian,LEC,Ferrari,S3,0.1030,0.7880,-0.2345,-0.3882,3.0000,12.0000
2024,Italian,MAG,Haas F1 Team,S1,0.2430,0.5180,-0.0032,0.0280,13.0000,16.0000
2024,Italian,MAG,Haas F1 Team,S2,0.5280,1.0100,0.0420,0.0055,11.0000,12.0000
2024,Italian,MAG,Haas F1 Team,S3,0.8400,0.6740,0.2485,0.0023,18.0000,8.0000
2024,Italian,NOR,McLaren,S1,0.1720,0.0590,-0.0482,-0.2200,8.0000,3.0000
2024,Italian,NOR,McLaren,S2,0.0000,0.0530,-0.3710,-0.5155,1.0000,2.0000
2024,Italian,NOR,McLaren,S3,0.0000,0.0000,-0.4990,-0.6107,1.0000,1.0000
2024,Italian,OCO,Alpine,S1,0.2130,0.6130,0.0668,0.1030,12.0000,18.0000
2024,Italian,OCO,Alpine,S2,0.6850,1.2940,0.1890,0.4705,16.0000,18.0000
2024,Italian,OCO,Alpine,S3,0.6590,1.1580,0.1170,0.4703,13.0000,17.0000
2024,Italian,PER,Red Bull Racing,S1,0.2650,0.3770,0.0253,-0.0530,15.0000,10.0000
2024,Italian,PER,Red Bull Racing,S2,0.4550,0.6810,-0.1110,-0.1875,8.0000,7.0000
2024,Italian,PER,Red Bull Racing,S3,0.2790,0.5430,-0.1565,-0.2072,7.0000,6.0000
2024,Italian,PIA,McLaren,S1,0.1760,0.2100,-0.0697,-0.1410,10.0000,8.0000
2024,Italian,PIA,McLaren,S2,0.0640,0.2860,-0.3685,-0.5485,2.0000,4.0000
2024,Italian,PIA,McLaren,S3,0.1330,0.2280,-0.3715,-0.5068,5.0000,4.0000
2024,Italian,RIC,RB,S1,0.1400,0.4980,0.1247,0.0090,4.0000,14.0000
2024,Italian,RIC,RB,S2,0.5620,1.2220,0.1145,-0.0055,13.0000,17.0000
2024,Italian,RIC,RB,S3,0.7220,1.2650,0.2605,0.2452,15.0000,18.0000
2024,Italian,RUS,Mercedes,S1,0.0730,0.1910,-0.0272,-0.1810,2.0000,6.0000
2024,Italian,RUS,Mercedes,S2,0.2570,0.3860,-0.2965,-0.3645,7.0000,5.0000
2024,Italian,RUS,Mercedes,S3,0.0470,0.2090,-0.3275,-0.4917,2.0000,3.0000
2024,Italian,SAI,Ferrari,S1,0.0000,0.4190,-0.1423,-0.0960,1.0000,12.0000
2024,Italian,SAI,Ferrari,S2,0.2440,0.7980,-0.2355,-0.3095,6.0000,8.0000
2024,Italian,SAI,Ferrari,S3,0.1680,0.6990,-0.3515,-0.4267,6.0000,10.0000
2024,Italian,STR,Aston Martin,S1,0.4250,0.0550,0.1578,-0.0680,18.0000,2.0000
2024,Italian,STR,Aston Martin,S2,0.6010,0.4750,0.0025,0.0895,14.0000,6.0000
2024,Italian,STR,Aston Martin,S3,0.9320,0.5820,0.3245,0.1642,20.0000,7.0000
2024,Italian,TSU,RB,S1,0.3170,0.7540,0.0497,0.5030,16.0000,20.0000
2024,Italian,TSU,RB,S2,0.8070,2.2500,0.2085,0.9490,17.0000,20.0000
2024,Italian,TSU,RB,S3,0.8890,2.0740,0.2815,0.8793,19.0000,20.0000
2024,Italian,VER,Red Bull Racing,S1,0.1660,0.0000,-0.0983,-0.0090,7.0000,1.0000
2024,Italian,VER,Red Bull Racing,S2,0.0770,0.1750,-0.3245,-0.4995,3.0000,3.0000
2024,Italian,VER,Red Bull Racing,S3,0.3260,0.3730,-0.2325,-0.5297,8.0000,5.0000
2024,Italian,ZHO,Kick Sauber,S1,0.6150,0.6900,0.3943,0.2205,20.0000,19.0000
2024,Italian,ZHO,Kick Sauber,S2,1.0450,1.6650,0.5125,0.4150,20.0000,19.0000
2024,Italian,ZHO,Kick Sauber,S3,0.7990,1.4880,0.3060,0.3768,17.0000,19.0000
2024,Monaco,ALB,Williams,S1,0.2430,1.0210,-0.0535,0.3115,8.0000,16.0000
2024,Monaco,ALB,Williams,S2,0.4410,1.3540,0.0910,0.5747,11.0000,14.0000
2024,Monaco,ALB,Williams,S3,0.1540,0.8000,-0.1918,0.0920,8.0000,13.0000
2024,Monaco,ALO,Aston Martin,S1,0.5400,0.9360,0.0535,0.2450,16.0000,15.0000
2024,Monaco,ALO,Aston Martin,S2,0.8470,1.8170,0.1905,0.8167,17.0000,16.0000
2024,Monaco,ALO,Aston Martin,S3,0.5390,1.1300,0.0262,0.3470,18.0000,16.0000
2024,Monaco,BOT,Kick Sauber,S1,0.8080,0.8060,0.5095,0.1250,19.0000,14.0000
2024,Monaco,BOT,Kick Sauber,S2,0.8520,1.0420,0.6525,0.6952,18.0000,11.0000
2024,Monaco,BOT,Kick Sauber,S3,0.6130,0.5870,0.2602,0.1980,19.0000,10.0000
2024,Monaco,GAS,Alpine,S1,0.2370,0.6350,-0.1030,0.1390,7.0000,12.0000
2024,Monaco,GAS,Alpine,S2,0.2450,0.4850,-0.1925,0.3462,5.0000,5.0000
2024,Monaco,GAS,Alpine,S3,0.2520,0.6200,0.1012,0.2510,10.0000,11.0000
2024,Monaco,HAM,Mercedes,S1,0.1280,0.1420,-0.1415,-0.2260,4.0000,2.0000
2024,Monaco,HAM,Mercedes,S2,0.2830,0.0000,-0.1175,-0.8038,7.0000,1.0000
2024,Monaco,HAM,Mercedes,S3,0.1000,0.0000,-0.2223,-0.5440,6.0000,1.0000
2024,Monaco,HUL,Haas F1 Team,S1,0.4260,,0.1315,,13.0000,
2024,Monaco,HUL,Haas F1 Team,S2,0.4750,,0.0880,,12.0000,
2024,Monaco,HUL,Haas F1 Team,S3,0.4290,,0.0522,,15.0000,
2024,Monaco,LEC,Ferrari,S1,0.1420,0.3730,-0.2215,-0.3800,5.0000,7.0000
2024,Monaco,LEC,Ferrari,S2,0.0180,0.6590,-0.2770,-0.1588,2.0000,8.0000
2024,Monaco,LEC,Ferrari,S3,0.0000,0.2420,-0.1868,-0.1240,1.0000,4.0000
2024,Monaco,MAG,Haas F1 Team,S1,0.4140,,0.0550,,12.0000,
2024,Monaco,MAG,Haas F1 Team,S2,0.6560,,0.1020,,15.0000,
2024,Monaco,MAG,Haas F1 Team,S3,0.3830,,0.0147,,13.0000,
2024,Monaco,NOR,McLaren,S1,0.1880,0.4680,-0.0555,-0.2650,6.0000,10.0000
2024,Monaco,NOR,McLaren,S2,0.1840,0.9950,-0.0410,-0.0198,4.0000,10.0000
2024,Monaco,NOR,McLaren,S3,0.0260,0.3120,-0.2148,-0.1570,2.0000,7.0000
2024,Monaco,OCO,Alpine,S1,0.4570,,0.0765,,14.0000,
2024,Monaco,OCO,Alpine,S2,0.3830,,-0.0240,,10.0000,
2024,Monaco,OCO,Alpine,S3,0.3350,,0.0212,,12.0000,
2024,Monaco,PER,Red Bull Racing,S1,0.5860,,0.2425,,18.0000,
2024,Monaco,PER,Red Bull Racing,S2,0.7920,,0.5290,,16.0000,
2024,Monaco,PER,Red Bull Racing,S3,0.5260,,0.0942,,17.0000,
2024,Monaco,PIA,McLaren,S1,0.0590,0.4550,-0.1320,-0.3550,3.0000,9.0000
2024,Monaco,PIA,McLaren,S2,0.0000,1.1760,-0.3170,0.0157,1.0000,13.0000
2024,Monaco,PIA,McLaren,S3,0.0310,0.6790,-0.0643,-0.1100,3.0000,12.0000
2024,Monaco,RIC,RB,S1,0.5260,0.7850,0.2035,0.4020,15.0000,13.0000
2024,Monaco,RIC,RB,S2,0.5490,1.4000,-0.0330,0.8417,13.0000,15.0000
2024,Monaco,RIC,RB,S3,0.2970,0.9550,-0.0148,0.4165,11.0000,15.0000
2024,Monaco,RUS,Mercedes,S1,0.0000,0.2410,-0.1605,0.1020,1.0000,5.0000
2024,Monaco,RUS,Mercedes,S2,0.3060,0.5660,-0.0950,-0.3523,8.0000,7.0000
2024,Monaco,RUS,Mercedes,S3,0.1270,0.4620,-0.0598,-0.2970,7.0000,9.0000
2024,Monaco,SAI,Ferrari,S1,0.2500,0.1870,-0.1040,-0.3830,9.0000,4.0000
2024,Monaco,SAI,Ferrari,S2,0.0850,0.4240,-0.2530,-0.0728,3.0000,4.0000
2024,Monaco,SAI,Ferrari,S3,0.0730,0.1490,-0.2737,-0.2810,4.0000,3.0000
2024,Monaco,SAR,Williams,S1,0.5560,0.3280,0.1595,0.0965,17.0000,6.0000
2024,Monaco,SAR,Williams,S2,0.9120,0.7140,0.4280,0.5322,19.0000,9.0000
2024,Monaco,SAR,Williams,S3,0.4410,0.4010,0.0257,0.1260,16.0000,8.0000
2024,Monaco,STR,Aston Martin,S1,0.2980,0.5480,-0.0765,0.0450,10.0000,11.0000
2024,Monaco,STR,Aston Martin,S2,0.6170,1.0480,0.2090,0.1982,14.0000,12.0000
2024,Monaco,STR,Aston Martin,S3,0.3920,0.9170,0.0762,0.2220,14.0000,14.0000
2024,Monaco,TSU,RB,S1,0.3510,0.1600,0.0535,-0.1640,11.0000,3.0000
2024,Monaco,TSU,RB,S2,0.3140,0.3910,-0.1440,-0.0158,9.0000,3.0000
2024,Monaco,TSU,RB,S3,0.0830,0.2840,-0.0588,-0.0680,5.0000,6.0000
2024,Monaco,VER,Red Bull Racing,S1,0.0110,0.0000,-0.2690,-0.0870,2.0000,1.0000
2024,Monaco,VER,Red Bull Racing,S2,0.2680,0.5270,0.0240,-0.3068,6.0000,6.0000
2024,Monaco,VER,Red Bull Racing,S3,0.1780,0.1360,-0.1653,-0.3480,9.0000,2.0000
2024,Monaco,ZHO,Kick Sauber,S1,1.1430,0.4080,0.7630,-0.0450,20.0000,8.0000
2024,Monaco,ZHO,Kick Sauber,S2,1.0160,0.1480,0.6595,-0.0778,20.0000,2.0000
2024,Monaco,ZHO,Kick Sauber,S3,0.7590,0.2770,0.4442,0.0680,20.0000,5.0000
