Year,Event,Session,Driver,Team,Stint,Compound,Laps,TyreLifeStart,TyreLifeEnd,S1Slope,S2Slope,S3Slope,LapTimeSlope,LapTimeIntercept
2024,Bahrain,R,ALB,Williams,1.0000,SOFT,12,2.0000,14.0000,0.0437,-0.0145,0.0017,0.0309,98.4821
2024,Bahrain,R,ALB,Williams,2.0000,HARD,19,2.0000,20.0000,0.0077,0.0085,0.0053,0.0215,97.7197
2024,Bahrain,R,ALB,Williams,3.0000,HARD,15,2.0000,20.0000,0.0088,0.0176,0.0200,0.0464,95.5982
2024,Bahrain,R,ALO,Aston Martin,1.0000,SOFT,12,5.0000,17.0000,-0.0188,0.0137,0.0266,0.0214,98.2253
2024,Bahrain,R,ALO,Aston Martin,2.0000,HARD,23,2.0000,25.0000,0.0098,-0.0062,0.0117,0.0154,97.0507
2024,Bahrain,R,ALO,Aston Martin,3.0000,HARD,15,2.0000,16.0000,0.0080,0.0023,0.0132,0.0235,94.7812
2024,Bahrain,R,BOT,Kick Sauber,1.0000,SOFT,8,2.0000,11.0000,0.0186,0.0369,0.0359,0.0914,98.3259
2024,Bahrain,R,BOT,Kick Sauber,2.0000,HARD,16,2.0000,17.0000,0.0314,0.0427,0.0251,0.0992,97.0193
2024,Bahrain,R,BOT,Kick Sauber,3.0000,HARD,21,2.0000,26.0000,0.0045,0.0106,0.0129,0.0280,96.4038
2024,Bahrain,R,GAS,Alpine,1.0000,SOFT,8,3.0000,11.0000,0.0049,0.0505,-0.0011,0.0543,98.5755
2024,Bahrain,R,GAS,Alpine,2.0000,HARD,17,2.0000,18.0000,0.0153,0.0339,0.0230,0.0721,97.3598
2024,Bahrain,R,GAS,Alpine,3.0000,HARD,10,2.0000,11.0000,-0.0037,0.0222,0.0233,0.0418,96.2694
2024,Bahrain,R,GAS,Alpine,4.0000,SOFT,11,2.0000,13.0000,0.0149,0.0261,0.0373,0.0783,94.8778
2024,Bahrain,R,HAM,Mercedes,1.0000,SOFT,9,5.0000,14.0000,0.0016,-0.0136,0.0151,0.0031,98.2317
2024,Bahrain,R,HAM,Mercedes,2.0000,HARD,17,2.0000,20.0000,-0.0041,-0.0048,0.0122,0.0033,96.8172
2024,Bahrain,R,HAM,Mercedes,3.0000,HARD,22,2.0000,24.0000,0.0163,0.0145,0.0077,0.0384,94.9256
2024,Bahrain,R,HUL,Haas F1 Team,2.0000,HARD,15,2.0000,18.0000,0.0119,0.0024,0.0184,0.0327,97.4413
2024,Bahrain,R,HUL,Haas F1 Team,3.0000,HARD,18,2.0000,20.0000,0.0123,-0.0081,0.0167,0.0209,96.6041
2024,Bahrain,R,HUL,Haas F1 Team,4.0000,SOFT,14,3.0000,16.0000,0.0307,-0.0143,0.0232,0.0395,95.1179
2024,Bahrain,R,LEC,Ferrari,1.0000,SOFT,6,5.0000,12.0000,-0.0067,0.0540,0.0447,0.0919,97.0214
2024,Bahrain,R,LEC,Ferrari,2.0000,HARD,21,2.0000,22.0000,0.0152,-0.0197,0.0110,0.0065,96.8201
2024,Bahrain,R,LEC,Ferrari,3.0000,HARD,21,2.0000,22.0000,0.0210,0.0217,0.0098,0.0524,94.5403
2024,Bahrain,R,MAG,Haas F1 Team,1.0000,SOFT,8,2.0000,9.0000,0.0570,-0.0112,0.0512,0.0970,98.3417
2024,Bahrain,R,MAG,Haas F1 Team,2.0000,HARD,18,2.0000,20.0000,0.0226,0.0083,0.0013,0.0322,97.5897
2024,Bahrain,R,MAG,Haas F1 Team,3.0000,HARD,22,2.0000,24.0000,0.0239,0.0357,0.0205,0.0802,95.4223
2024,Bahrain,R,NOR,McLaren,1.0000,SOFT,8,5.0000,15.0000,-0.0120,0.0136,0.0230,0.0246,97.7433
2024,Bahrain,R,NOR,McLaren,2.0000,HARD,18,2.0000,19.0000,0.0041,0.0119,0.0127,0.0287,96.4657
2024,Bahrain,R,NOR,McLaren,3.0000,HARD,20,2.0000,22.0000,0.0261,0.0197,0.0219,0.0677,94.6007
2024,Bahrain,R,OCO,Alpine,1.0000,SOFT,7,3.0000,9.0000,0.0017,0.0835,0.0480,0.1332,98.1718
2024,Bahrain,R,OCO,Alpine,2.0000,HARD,17,2.0000,19.0000,0.0195,0.0241,0.0162,0.0598,97.6036
2024,Bahrain,R,OCO,Alpine,3.0000,HARD,20,2.0000,26.0000,0.0040,0.0197,0.0070,0.0306,96.4313
2024,Bahrain,R,PER,Red Bull Racing,1.0000,SOFT,9,5.0000,14.0000,0.0649,0.0246,0.0020,0.0916,96.7787
2024,Bahrain,R,PER,Red Bull Racing,2.0000,HARD,21,2.0000,23.0000,0.0175,0.0014,0.0091,0.0279,95.8939
2024,Bahrain,R,PER,Red Bull Racing,3.0000,SOFT,20,2.0000,21.0000,0.0082,0.0346,0.0238,0.0666,94.2209
2024,Bahrain,R,PIA,McLaren,1.0000,SOFT,9,5.0000,14.0000,0.0008,-0.0265,0.0275,0.0018,98.0703
2024,Bahrain,R,PIA,McLaren,2.0000,HARD,19,2.0000,21.0000,0.0090,0.0051,0.0105,0.0246,96.5893
2024,Bahrain,R,PIA,McLaren,3.0000,HARD,19,2.0000,23.0000,0.0246,0.0205,0.0123,0.0574,94.7697
2024,Bahrain,R,RIC,RB,1.0000,SOFT,10,5.0000,15.0000,0.0249,-0.0170,0.0058,0.0137,98.8933
2024,Bahrain,R,RIC,RB,2.0000,HARD,20,2.0000,21.0000,0.0112,0.0202,0.0137,0.0452,97.3220
2024,Bahrain,R,RIC,RB,3.0000,SOFT,15,2.0000,19.0000,-0.0015,0.0498,0.0378,0.0860,94.9794
2024,Bahrain,R,RUS,Mercedes,1.0000,SOFT,8,5.0000,12.0000,0.0851,0.0695,0.0316,0.1862,95.9610
2024,Bahrain,R,RUS,Mercedes,2.0000,HARD,16,2.0000,19.0000,0.0051,-0.0001,0.0050,0.0100,96.7708
2024,Bahrain,R,RUS,Mercedes,3.0000,HARD,24,2.0000,26.0000,0.0124,0.0180,0.0117,0.0422,95.0923
2024,Bahrain,R,SAI,Ferrari,1.0000,SOFT,10,5.0000,16.0000,0.0139,-0.0028,0.0115,0.0225,97.3893
2024,Bahrain,R,SAI,Ferrari,2.0000,HARD,19,2.0000,20.0000,0.0213,0.0074,0.0096,0.0383,95.8571
2024,Bahrain,R,SAI,Ferrari,3.0000,HARD,21,2.0000,22.0000,0.0023,0.0018,0.0206,0.0248,94.7543
2024,Bahrain,R,SAR,Williams,1.0000,SOFT,7,2.0000,9.0000,0.0481,0.0511,0.0416,0.1407,98.0972
2024,Bahrain,R,SAR,Williams,2.0000,HARD,9,5.0000,17.0000,0.0021,0.0127,0.0127,0.0275,97.5515
2024,Bahrain,R,SAR,Williams,3.0000,HARD,9,2.0000,11.0000,0.0337,0.0196,0.0277,0.0809,96.0516
2024,Bahrain,R,SAR,Williams,4.0000,SOFT,13,2.0000,15.0000,0.0241,0.0449,0.0256,0.0946,94.9330
2024,Bahrain,R,STR,Aston Martin,1.0000,SOFT,6,2.0000,7.0000,0.0224,0.1203,0.0348,0.1774,97.7099
2024,Bahrain,R,STR,Aston Martin,2.0000,HARD,15,2.0000,17.0000,0.0173,0.0340,0.0251,0.0763,96.9515
2024,Bahrain,R,STR,Aston Martin,3.0000,HARD,27,2.0000,29.0000,0.0135,0.0106,0.0068,0.0308,95.8938
2024,Bahrain,R,TSU,RB,1.0000,SOFT,11,2.0000,13.0000,0.0222,0.0073,0.0079,0.0374,98.2709
2024,Bahrain,R,TSU,RB,2.0000,HARD,17,2.0000,19.0000,0.0179,-0.0096,0.0031,0.0114,97.5632
2024,Bahrain,R,TSU,RB,3.0000,HARD,19,3.0000,22.0000,0.0053,0.0282,0.0256,0.0590,95.7776
2024,Bahrain,R,VER,Red Bull Racing,1.0000,SOFT,13,5.0000,19.0000,-0.0042,0.0123,0.0233,0.0315,96.5936
2024,Bahrain,R,VER,Red Bull Racing,2.0000,HARD,18,2.0000,19.0000,0.0109,0.0301,0.0199,0.0608,94.9414
2024,Bahrain,R,VER,Red Bull Racing,3.0000,SOFT,17,2.0000,20.0000,0.0101,0.0271,0.0317,0.0689,93.8030
2024,Bahrain,R,ZHO,Kick Sauber,1.0000,SOFT,6,2.0000,8.0000,0.0518,0.0044,0.0593,0.1155,98.2714
2024,Bahrain,R,ZHO,Kick Sauber,2.0000,HARD,17,2.0000,18.0000,0.0202,0.0305,0.0132,0.0640,97.0232
2024,Bahrain,R,ZHO,Kick Sauber,3.0000,HARD,25,2.0000,28.0000,0.0175,0.0152,0.0090,0.0416,96.1273
2024,British,R,ALB,Williams,1.0000,MEDIUM,18,2.0000,23.0000,0.0062,-0.0172,0.0094,-0.0016,92.9688
2024,British,R,ALB,Williams,3.0000,MEDIUM,13,2.0000,14.0000,0.0245,-0.0616,-0.0488,-0.0859,90.9341
2024,British,R,ALO,Aston Martin,1.0000,MEDIUM,18,2.0000,23.0000,0.0010,-0.0280,0.0114,-0.0156,92.8493
2024,British,R,ALO,Aston Martin,3.0000,MEDIUM,13,2.0000,14.0000,0.0276,0.0118,-0.0067,0.0327,90.1103
2024,British,R,BOT,Kick Sauber,1.0000,MEDIUM,17,2.0000,23.0000,-0.0018,-0.0290,0.0015,-0.0293,94.1303
2024,British,R,BOT,Kick Sauber,3.0000,SOFT,10,3.0000,14.0000,0.0076,-0.0495,0.0077,-0.0342,92.2469
2024,British,R,HAM,Mercedes,1.0000,MEDIUM,18,2.0000,24.0000,-0.0000,-0.0204,0.0038,-0.0166,91.7958
2024,British,R,HAM,Mercedes,3.0000,SOFT,12,4.0000,15.0000,0.0307,-0.0237,-0.0041,0.0029,89.6938
2024,British,R,HUL,Haas F1 Team,1.0000,MEDIUM,17,2.0000,23.0000,0.0036,-0.0217,0.0070,-0.0112,92.7056
2024,British,R,HUL,Haas F1 Team,3.0000,SOFT,11,6.0000,16.0000,0.0464,-0.0156,0.0167,0.0475,89.8202
2024,British,R,LEC,Ferrari,1.0000,MEDIUM,14,2.0000,15.0000,0.0148,-0.0389,-0.0062,-0.0303,92.7902
2024,British,R,LEC,Ferrari,4.0000,SOFT,9,4.0000,13.0000,0.0179,0.0566,-0.0084,0.0662,89.5175
2024,British,R,MAG,Haas F1 Team,1.0000,MEDIUM,18,2.0000,25.0000,0.0126,-0.0064,0.0134,0.0196,92.9453
2024,British,R,MAG,Haas F1 Team,3.0000,SOFT,12,4.0000,15.0000,0.0551,0.0232,0.0168,0.0951,90.1579
2024,British,R,NOR,McLaren,1.0000,MEDIUM,18,3.0000,24.0000,0.0008,-0.0296,-0.0106,-0.0393,92.1334
2024,British,R,NOR,McLaren,3.0000,SOFT,11,4.0000,15.0000,0.0610,0.0429,0.0166,0.1205,88.9563
2024,British,R,OCO,Alpine,1.0000,SOFT,14,2.0000,15.0000,0.0578,-0.0254,0.0715,0.1039,93.1713
2024,British,R,OCO,Alpine,5.0000,MEDIUM,7,3.0000,11.0000,0.0311,-0.0448,-0.0060,-0.0197,91.1523
2024,British,R,PER,Red Bull Racing,1.0000,HARD,14,2.0000,15.0000,0.0065,0.0008,-0.0031,0.0042,92.6363
2024,British,R,PER,Red Bull Racing,4.0000,MEDIUM,6,4.0000,9.0000,0.0035,-0.0586,-0.0137,-0.0688,90.8935
2024,British,R,PIA,McLaren,1.0000,MEDIUM,18,2.0000,24.0000,-0.0027,-0.0302,-0.0061,-0.0390,92.2205
2024,British,R,PIA,McLaren,3.0000,MEDIUM,13,2.0000,14.0000,0.0025,-0.0105,-0.0080,-0.0160,89.5217
2024,British,R,RIC,RB,1.0000,MEDIUM,15,2.0000,22.0000,-0.0042,-0.0372,0.0079,-0.0335,93.4112
2024,British,R,RIC,RB,3.0000,SOFT,9,3.0000,11.0000,-0.0039,-0.0517,-0.0613,-0.1169,91.9746
2024,British,R,RUS,Mercedes,1.0000,MEDIUM,18,2.0000,24.0000,0.0031,-0.0047,0.0045,0.0029,91.5683
2024,British,R,SAI,Ferrari,1.0000,MEDIUM,18,2.0000,24.0000,0.0098,-0.0170,0.0170,0.0099,92.1468
2024,British,R,SAI,Ferrari,3.0000,HARD,9,2.0000,10.0000,0.0261,-0.0379,-0.0932,-0.1051,90.3573
2024,British,R,SAR,Williams,1.0000,MEDIUM,17,2.0000,24.0000,0.0079,-0.0111,0.0142,0.0110,92.9396
2024,British,R,SAR,Williams,3.0000,SOFT,12,3.0000,14.0000,0.0863,0.0291,0.0392,0.1546,89.6091
2024,British,R,STR,Aston Martin,1.0000,MEDIUM,19,2.0000,24.0000,0.0101,-0.0001,0.0305,0.0404,92.3246
2024,British,R,STR,Aston Martin,3.0000,MEDIUM,12,2.0000,13.0000,0.0266,-0.0032,-0.0321,-0.0088,90.1198
2024,British,R,TSU,RB,1.0000,MEDIUM,19,2.0000,24.0000,0.0232,-0.0186,0.0197,0.0243,92.7053
2024,British,R,TSU,RB,3.0000,SOFT,13,2.0000,14.0000,0.0367,0.0091,0.0072,0.0529,90.8181
2024,British,R,VER,Red Bull Racing,1.0000,MEDIUM,15,2.0000,23.0000,-0.0010,-0.0032,0.0070,0.0029,91.8462
2024,British,R,VER,Red Bull Racing,3.0000,HARD,11,4.0000,14.0000,0.0169,0.0082,-0.0302,-0.0051,89.3527
2024,British,R,ZHO,Kick Sauber,1.0000,SOFT,10,2.0000,11.0000,0.0818,0.0983,0.1217,0.3019,92.4702
2024,British,R,ZHO,Kick Sauber,5.0000,SOFT,11,3.0000,14.0000,0.0276,0.0231,-0.0387,0.0119,91.4611
2024,Italian,R,ALB,Williams,1.0000,MEDIUM,14,2.0000,16.0000,0.0025,-0.0197,-0.0142,-0.0313,86.3411
2024,Italian,R,ALB,Williams,2.0000,HARD,33,2.0000,36.0000,-0.0005,-0.0123,-0.0186,-0.0313,85.3144
2024,Italian,R,ALO,Aston Martin,1.0000,MEDIUM,9,4.0000,12.0000,0.0021,-0.0726,-0.0139,-0.0844,86.6917
2024,Italian,R,ALO,Aston Martin,2.0000,HARD,18,4.0000,23.0000,0.0194,0.0011,-0.0040,0.0166,84.7234
2024,Italian,R,ALO,Aston Martin,3.0000,HARD,17,4.0000,20.0000,-0.0000,-0.0086,-0.0092,-0.0178,83.7739
2024,Italian,R,BOT,Kick Sauber,1.0000,HARD,26,4.0000,33.0000,0.0065,0.0025,-0.0012,0.0078,86.3626
2024,Italian,R,BOT,Kick Sauber,2.0000,MEDIUM,17,3.0000,20.0000,-0.0162,-0.0550,-0.0268,-0.0980,85.9625
2024,Italian,R,COL,Williams,1.0000,MEDIUM,11,3.0000,15.0000,0.0276,-0.0166,0.0228,0.0339,86.1220
2024,Italian,R,COL,Williams,2.0000,HARD,34,2.0000,37.0000,0.0017,-0.0076,-0.0071,-0.0130,85.0738
2024,Italian,R,GAS,Alpine,1.0000,MEDIUM,7,2.0000,8.0000,-0.0397,-0.0029,-0.0442,-0.0867,86.7671
2024,Italian,R,GAS,Alpine,2.0000,HARD,16,2.0000,19.0000,0.0021,0.0313,0.0234,0.0567,84.8842
2024,Italian,R,GAS,Alpine,3.0000,HARD,17,2.0000,22.0000,-0.0043,-0.0090,-0.0164,-0.0297,84.7931
2024,Italian,R,HAM,Mercedes,1.0000,MEDIUM,13,2.0000,14.0000,0.0099,-0.0380,-0.0033,-0.0314,85.4911
2024,Italian,R,HAM,Mercedes,2.0000,HARD,20,2.0000,21.0000,-0.0104,-0.0448,-0.0328,-0.0880,84.9416
2024,Italian,R,HAM,Mercedes,3.0000,HARD,14,2.0000,16.0000,-0.0079,-0.0325,-0.0164,-0.0568,82.9615
2024,Italian,R,HUL,Haas F1 Team,2.0000,HARD,23,2.0000,26.0000,0.0023,0.0123,-0.0038,0.0108,85.2827
2024,Italian,R,HUL,Haas F1 Team,3.0000,HARD,16,2.0000,20.0000,0.0011,0.0137,-0.0011,0.0137,83.6071
2024,Italian,R,LEC,Ferrari,1.0000,MEDIUM,13,2.0000,14.0000,0.0072,0.0071,0.0056,0.0199,84.7132
2024,Italian,R,LEC,Ferrari,2.0000,HARD,35,3.0000,38.0000,0.0021,-0.0042,-0.0015,-0.0036,83.6659
2024,Italian,R,MAG,Haas F1 Team,1.0000,MEDIUM,11,3.0000,13.0000,0.0108,-0.0236,-0.0140,-0.0268,86.2915
2024,Italian,R,MAG,Haas F1 Team,2.0000,HARD,36,2.0000,39.0000,0.0010,-0.0196,-0.0246,-0.0432,85.4045
2024,Italian,R,NOR,McLaren,1.0000,MEDIUM,10,3.0000,12.0000,0.0048,-0.0560,-0.0138,-0.0650,85.1955
2024,Italian,R,NOR,McLaren,2.0000,HARD,14,2.0000,16.0000,-0.0004,-0.0410,-0.0235,-0.0650,84.2362
2024,Italian,R,NOR,McLaren,3.0000,HARD,19,2.0000,21.0000,0.0003,-0.0322,-0.0174,-0.0493,83.1992
2024,Italian,R,OCO,Alpine,1.0000,HARD,26,3.0000,30.0000,0.0166,-0.0034,-0.0050,0.0081,86.0972
2024,Italian,R,OCO,Alpine,2.0000,MEDIUM,17,2.0000,21.0000,0.0004,-0.0142,-0.0160,-0.0298,85.0991
2024,Italian,R,PER,Red Bull Racing,1.0000,HARD,21,2.0000,22.0000,0.0045,0.0004,0.0001,0.0050,85.3631
2024,Italian,R,PER,Red Bull Racing,2.0000,HARD,9,2.0000,11.0000,0.0078,-0.0227,-0.0335,-0.0483,84.0508
2024,Italian,R,PER,Red Bull Racing,3.0000,MEDIUM,16,2.0000,18.0000,0.0076,-0.0105,0.0236,0.0207,83.3480
2024,Italian,R,PIA,McLaren,1.0000,MEDIUM,13,3.0000,15.0000,0.0099,-0.0004,-0.0049,0.0046,84.6155
2024,Italian,R,PIA,McLaren,2.0000,HARD,20,2.0000,21.0000,-0.0034,-0.0189,-0.0113,-0.0335,83.8831
2024,Italian,R,PIA,McLaren,3.0000,HARD,12,2.0000,15.0000,0.0025,-0.0000,-0.0066,-0.0041,82.3509
2024,Italian,R,RIC,RB,1.0000,MEDIUM,8,2.0000,9.0000,-0.0386,-0.0995,-0.0427,-0.1808,87.2348
2024,Italian,R,RIC,RB,2.0000,HARD,37,5.0000,43.0000,-0.0018,-0.0047,-0.0076,-0.0141,85.2695
2024,Italian,R,RUS,Mercedes,1.0000,MEDIUM,9,2.0000,10.0000,-0.0264,-0.0423,-0.0270,-0.0957,86.0175
2024,Italian,R,RUS,Mercedes,2.0000,HARD,17,2.0000,21.0000,-0.0105,-0.0266,-0.0399,-0.0770,85.0604
2024,Italian,R,RUS,Mercedes,3.0000,HARD,18,2.0000,20.0000,-0.0090,-0.0294,-0.0241,-0.0625,83.4546
2024,Italian,R,SAI,Ferrari,1.0000,MEDIUM,16,2.0000,18.0000,0.0231,-0.0030,-0.0024,0.0177,84.9547
2024,Italian,R,SAI,Ferrari,2.0000,HARD,31,2.0000,34.0000,-0.0021,0.0008,-0.0035,-0.0048,83.7697
2024,Italian,R,STR,Aston Martin,1.0000,HARD,16,4.0000,19.0000,0.0181,-0.0039,0.0163,0.0305,85.9829
2024,Italian,R,STR,Aston Martin,2.0000,HARD,12,4.0000,18.0000,-0.0037,0.0041,0.0143,0.0148,84.5603
2024,Italian,R,STR,Aston Martin,3.0000,MEDIUM,8,3.0000,12.0000,0.0476,-0.0259,0.0032,0.0249,83.5387
2024,Italian,R,VER,Red Bull Racing,1.0000,HARD,20,2.0000,21.0000,0.0001,-0.0040,-0.0012,-0.0051,85.3789
2024,Italian,R,VER,Red Bull Racing,2.0000,HARD,16,2.0000,17.0000,-0.0031,-0.0000,-0.0045,-0.0076,83.6139
2024,Italian,R,VER,Red Bull Racing,3.0000,MEDIUM,9,2.0000,11.0000,0.0111,0.0430,-0.0136,0.0406,82.3341
2024,Italian,R,ZHO,Kick Sauber,1.0000,MEDIUM,11,4.0000,15.0000,0.0257,-0.0136,0.0159,0.0281,86.1909
2024,Italian,R,ZHO,Kick Sauber,2.0000,HARD,29,3.0000,37.0000,0.0034,0.0023,0.0041,0.0098,85.4855
2024,Monaco,R,ALB,Williams,2.0000,HARD,68,6.0000,76.0000,-0.0124,-0.0242,-0.0115,-0.0481,81.7418
2024,Monaco,R,ALO,Aston Martin,2.0000,MEDIUM,68,6.0000,76.0000,-0.0198,-0.0165,-0.0148,-0.0511,82.3066
2024,Monaco,R,BOT,Kick Sauber,2.0000,MEDIUM,5,8.0000,13.0000,-0.0149,-0.0024,-0.0664,-0.0838,82.3749
2024,Monaco,R,BOT,Kick Sauber,3.0000,HARD,54,3.0000,62.0000,-0.0108,-0.0103,-0.0128,-0.0340,80.8177
2024,Monaco,R,GAS,Alpine,2.0000,MEDIUM,50,13.0000,76.0000,-0.0117,-0.0215,-0.0116,-0.0449,81.5346
2024,Monaco,R,HAM,Mercedes,2.0000,MEDIUM,24,22.0000,49.0000,-0.0161,-0.0090,-0.0129,-0.0380,79.8432
2024,Monaco,R,HAM,Mercedes,3.0000,HARD,23,3.0000,28.0000,-0.0134,0.0088,0.0098,0.0052,75.4094
2024,Monaco,R,LEC,Ferrari,2.0000,HARD,67,8.0000,77.0000,-0.0146,-0.0260,-0.0145,-0.0552,80.4457
2024,Monaco,R,NOR,McLaren,2.0000,HARD,70,7.0000,77.0000,-0.0157,-0.0235,-0.0194,-0.0586,80.7599
2024,Monaco,R,PIA,McLaren,2.0000,HARD,72,6.0000,78.0000,-0.0187,-0.0221,-0.0152,-0.0559,80.6867
2024,Monaco,R,RIC,RB,2.0000,HARD,66,8.0000,76.0000,-0.0145,-0.0208,-0.0145,-0.0498,82.2444
2024,Monaco,R,RUS,Mercedes,2.0000,MEDIUM,64,11.0000,77.0000,-0.0281,-0.0308,-0.0176,-0.0765,81.3734
2024,Monaco,R,SAI,Ferrari,2.0000,HARD,61,13.0000,77.0000,-0.0128,-0.0216,-0.0168,-0.0512,80.3105
2024,Monaco,R,SAR,Williams,2.0000,HARD,16,16.0000,55.0000,-0.0043,-0.0007,-0.0065,-0.0114,80.8905
2024,Monaco,R,SAR,Williams,3.0000,MEDIUM,14,2.0000,19.0000,0.0139,0.0458,0.0139,0.0736,75.4396
2024,Monaco,R,STR,Aston Martin,2.0000,MEDIUM,32,8.0000,41.0000,-0.0111,-0.0241,-0.0144,-0.0496,81.8004
2024,Monaco,R,STR,Aston Martin,4.0000,SOFT,23,2.0000,28.0000,0.0032,0.0254,0.0111,0.0396,77.5668
2024,Monaco,R,TSU,RB,2.0000,HARD,29,29.0000,77.0000,-0.0256,-0.0364,-0.0207,-0.0827,83.0254
2024,Monaco,R,VER,Red Bull Racing,2.0000,MEDIUM,30,13.0000,50.0000,-0.0014,-0.0202,-0.0126,-0.0342,79.9612
2024,Monaco,R,VER,Red Bull Racing,3.0000,HARD,22,3.0000,27.0000,0.0017,0.0085,0.0050,0.0152,75.3245
2024,Monaco,R,ZHO,Kick Sauber,2.0000,HARD,10,43.0000,65.0000,-0.0104,0.0100,-0.0004,-0.0009,79.0469
